date,score,text,version,thumbsUp,replyText,userName
2026-03-31,1,"극혐",8.8.8,3,"","하두현"
2026-03-31,1,"쿠팡 리뷰가 안보여요 ㅠㅠ999+인데 확인하면 리뷰등록이 없대요 ㅠ 최근업뎃하고나서 안보여요",9.1.5,1,"","신수연"
2026-03-31,3,"와우 맴버십 가입에 오류가 걸려서 가입이 안돼내요!!! 확인 좀 해주세요.",,0,"","Gunpil Jung"
2026-03-31,4,"로켓배송, 로켓프레시, 와우회원 및 결제나 구매, 쇼핑의 간편함은 최상이라고 봅니다. 하지만 쿠팡사태로 큰 신용까지는 잘... 그래서 와우회원은 탈퇴했음. 장단점 고려해서 여러 플랫폼 비교하며 쓰는게 소비자 입장에선 현명할듯",9.1.5,1,"","ViViD"
2026-03-31,1,"ㅋㅋㅋㅋㅋㅋ오류 투성이 비싸기도 하고요~",9.1.5,2,"","김은수"
2026-03-31,1,"구매이용권 알림 앱 차단해도, 문자로 계속오고... 그만 보내주세요. 남아있던 정까지 떨어지려합니다ㅠ",9.1.5,1,"","sbs"
2026-03-31,1,"잘못해놓고 이용권 푸시알람 계속 보내는건 무슨 심보임??? 미동의도없고, 앱켜면 광고알람 수신동의 맨날묻고. 지들이 잘못해놓고 그걸또 마케팅에 이용하는게 진짜 정이안가는 회사",9.1.5,2,"","정진혁"
2026-03-31,5,"쿠팡 이용자인데 오랜만에 들어갈때마다 0원인게 좋더라구요. c to c 케이블이 고장났는데 마침 고장나서 하나 겟했습니다. 감사합니다.",9.1.5,0,"","안개숨"
2026-03-31,1,"? 로그인도 안되는데 왜씀",9.1.5,0,"","멍무"
2026-03-30,1,"진짜 빡치네",9.1.5,2,"","will iam"
2026-03-30,1,"납치광고좀 제발 그만",9.1.5,2,"","원종일"
2026-03-30,1,"광고성 알림 분명히 꺼뒀는데 매번 울리는 거 진짜 스트레스 받아요",9.1.5,2,"","SY C"
2026-03-30,1,"오랫동안 써왔는데 개인정보에 대한 대처가 너무 미흡해서 엉망이에요.",9.1.5,2,"","Seoyeong Kim (Seo)"
2026-03-30,1,"아오 구매 이용권 알림 작작 보내요",,1,"","Seong Yee"
2026-03-30,5,"이정도면 만족합니다.",9.1.3,0,"","woo seok choe"
2026-03-30,1,"업데이트 하기 싫은데 왜 강제로 시키냐!",9.0.2,1,"","엄지혜"
2026-03-30,1,"업데이트 너무 많음",9.0.5,1,"","이민식"
2026-03-30,1,"푸시 안 받고 받을 생각없는데 앱 열때마다 창 뜨는거 짜증나네. 뒤로가기해도 안 없어짐. 취소 버튼도 없음. 나중에 하겠다는 체크창 누르고 나서 확인 눌러줘야 됨. 적어도 내가 쓰는 앱중에 이딴짓하는건 쿠팡 앱 밖에 없음ㅋㅋㅋㅋㅋ",9.1.5,2,"","A B"
2026-03-29,1,"적당히 해라 스크롤할려고 광고쪽 스치기만해도 쿠팡 접속되게 납치성 광고를 쳐만들어놨네",,1,"","라스"
2026-03-29,1,"멤버십 한달 지원 주면 바로 적용되게 하는게 상식이지 한달뒤 적용? 두달뒤 적용? 바로쓰고싶어 선택안함 하니 한달지원 쿠폰날아가고 걍 다시 탈회하고 안쓴다",,1,"","오지호"
2026-03-29,1,"쿠팡 웹에서 연결해서 로그인이 자꾸 튕김 너무 쓰기 불편한 어플 쿠팡 이츠도 똑같음.",7.0.9,2,"","노현래"
2026-03-29,5,"첫구매 혜택 18000원 받아서 17900원 짜리 기보드 무료로 구매했다! 쿠팡은 너무 good 믿을수 있는 좋은 쇼핑앱은 쿠팡이다!,테무는 할인해준다 했는데 않해줌 키보드,키캡 주는척 하면서 시키면 키캡,알리는 중국산 이라서 싫음 쿠팡🪙 알리,테무 😡",9.1.4,1,"","김도경"
2026-03-29,1,"어제 밤부터 오늘 하루종일 사용자가 일시적으로 증가하여 서비스 접속이 원활하지 않다는 창만 뜹니다.. 업데이트도 해보고 삭제했다가 다시 깔아보고 난리를 피웠는데도 안됩니다.",,1,"","YuJin Lee"
2026-03-29,2,"갑자기 낮은가격순 정렬이 사라짐",9.1.5,1,"","W Yang"
2026-03-28,5,"잘시용하고있습니다",9.1.5,0,"","안수근"
2026-03-28,1,"무료체험이라면서 결제하네요? 소비자한테 사기친거니까 공정위에 진정 넣을겁니다",9.1.4,1,"","우하하(우하하)"
2026-03-28,5,"편하게 쇼핑하고 있습니다~",9.1.5,0,"","금원숙"
2026-03-28,5,"...예 항시감사드리옵니다.쌩유베리감솨드립니다...알겠습니다.❤️❤️❤️",9.1.5,0,"","이은영"
2026-03-28,4,"쿠팡 잘쓰고있음",,0,"","민경"
2026-03-28,1,"광고알림 수신거부 하면 좀 다시 허용하기 매일마다 띄우지마라 적당히해야지",9.1.5,2,"","송정순"
2026-03-27,5,"굿",,0,"","이경진"
2026-03-26,1,"👍👍👍👍👍",,1,"","Wang Kon"
2026-03-25,5,"태블릿 가로본능 업데이트 해주세요.",9.1.4,0,"","사쿠라"
2026-03-25,1,"봤던 상품 조회 왜 없어졌나요 가면 갈수록 쓰기 어렵게 업데이트를 하네요..ㅋ",9.1.4,1,"","ᄒᄒ"
2026-03-25,1,"쿠팡쓰지마세요 와우회원환불했는데 돈다시 안들어오고 해킹도쉽게당함 아무튼 쓰지마세요",9.1.4,3,"","정영준"
2026-03-25,4,"제품살때네이버포인트로다도살수있게해줘요",9.1.4,0,"","유기홍"
2026-03-25,5,"굿",9.1.4,0,"","목정우"
2026-03-25,1,"리뷰 겹치기도 별로고.. 사태 수습도 그렇게 탈퇴함",8.3.9,2,"","소심한고냥이"
2026-03-24,1,"지나친 광고로 스트래스받아요 머 하다가도 지맘대로 들어가지고 해킹당하는거 같아서 사용하기가 꺼려집니다",,3,"","Look Kool"
2026-03-24,1,"내부 폰트 뒤죽박죽 꼬라지 보면 개발자 진짜 줘팸마렵네 ㅋㅋ 폰트 하나 잡고 통일시키든가",9.1.4,8,"","박상훈"
2026-03-24,1,"왜반품이 안되냐고요",9.1.4,0,"","Cutest Phedra (Dung Bùi)"
2026-03-24,5,"비닐백으로 택배올때 송장붙은거 매번 비닐로 분리수거할때 이름붙은거 떼기가 너무힘들어서 가위로 잘라버려야 돼요",9.1.4,7,"","강바다"
2026-03-24,1,"19800원이상 금액 제한.. 아오",9.1.4,1,"","부재이"
2026-03-24,1,"납치가심하다",,1,"","정우진"
2026-03-24,1,"이제 쿠팡 그만쓸때가 됬나봄. 킬때마다 뭐 이상한 쿠폰 쓰라고 자꾸 팝업 3개씩 쳐뜨는데 다른앱은 배경누르면 꺼지기라도 하지 얘네는 x를 찾아눌러야함. 이게 너무 불편하고 불쾌함",9.1.4,1,"","이형빈"
2026-03-23,1,"탈퇴하려고 재설치함 이젠 조깥은 문자 그만 보내라",9.1.4,1,"","정정정"
2026-03-23,5,"꿀템이 많아요 알아서 찾아야하지만",9.1.4,0,"","김미숙"
2026-03-23,1,"돈에 미쳐서 테무보다 못한 앱이 되어버렸네요 환불하려면 7000원 우선결제, 100원~2만원 상품 구매해야할 때에도 7000원 우선결제 후 구매 가능, 어떤 행위를 하든 7000원은 우선결제하고 가야합니다. 저는 그냥 차라리 다른 어플 이용할게요",9.1.3,2,"","Er F"
2026-03-23,1,"쿠팡 배송 더럽게 느리네요 이제 쓸 이유가없어졌습니다.",9.1.4,0,"","예빈 Yebin"
2026-03-23,2,"인앱에서 모든 알람을 끄고 광고성 동의도 안했는데 와우 탈퇴하니까 쿠폰 억지로 쥐여주고 이용기간 가지고 알람 띄우는 꼴이 열받네요",9.1.4,1,"","SUN"
2026-03-23,1,"게인정보 유출 책임회피에다. 그리고 구글게정 무단 칩입확인되어 복구 까지 했습니다. 유출에 대해 어텋게 첵임 지실겁니까.? 정보가 얼마나 털렸는지 알수도없는 상황인대.",9.1.4,8,"","Google 사용자"
2026-03-23,1,"탈퇴한 쿠팡 인데 자꾸 돈빼가네 이양아치들같이 이거 범죄 아닌가요 ㅡㅡ",,1,"","라쩡"
2026-03-23,1,"탈팡",8.0.4,1,"","이효진"
2026-03-23,1,"아놔;; 쿠팡 어플로 물건 검색해서 들어갈때마다 로그인 처 하라고 계속 뜨는데 노이로제 걸릴거 같음ㅋㅋ뭔 악성사이트 마냥 자꾸 뜨는데 개빡침;; 알리랑 테무는 중국산이라 믿고 거른다지만 쿠팡은 진짜 꾀심한데? 청문회 한번 더 ㄱㄱ",9.1.4,1,"","친얍"
2026-03-23,3,"아침에 잠에서 깨서 폰 보면 들어간 적도 없는 쿠팡에 들어가져있음 이런 일이 여러번 계속 일어남",9.1.4,1,"","눈물"
2026-03-22,1,"와우 가입하면 쿠폰 준다 적혀있어서 가입했더니 쿠폰이 안뜸. 스크린샷 찍어둔걸로 문의 하니 1주일동안 기다리라더니 해당사항이 아니라면서 아무것도 못해준다고 함.",9.1.4,1,"","여경태"
2026-03-22,5,"쿠팡이 철통 보안을 만들었다 개인정보란과 주소록 정보란을 마스킹 처리해 놓았고 정보를 확인할려면 로그인 비밀번호를 입력해야 확인할수 있습니다 이제 안심하고 사용하셔도 됩니다 쿠팡 로그인 비밀번호는 잊어버리지 말고 꼭 따로 기재해 두세요 잊어버려도 비밀번호 찾기를 통해 찾을수 있으니 안심하고 사용하세요 내가 사랑하는 미국 기업이라 난 쿠팡을 떠나지 않았습니다 쿠팡은 우리 곁에 늘 있어야 합니다",9.1.4,1,"","srthujbn hujio"
2026-03-22,1,"쿠폰 미사용좀 그만 처보내 니들이 조건 덕지 덕지 해놔서 안쓰는건데 매일 보내고 자빠졌네",9.1.4,2,"","Fkfkde Naj"
2026-03-22,2,"다크모드 추가 좀 해주세요 그리고 이건 좀 욕나오는데 제품이 품절이라고 상세정보를 못 보게 쳐해두는게 어딨나요? 아니 어떤 사람 머리에서 나온 시스템인진 모르겠는데 제품 사고 상세정보를 다시 볼 일이 생기는 일이 얼마나 많은데 왜 구지 똥을 싸놓는 이유가 뭐에요?",9.1.4,1,"","00 bb"
2026-03-22,1,"어린이는 안되서 차별",,1,"","이서연"
2026-03-22,1,"1~2명배달기사 배달 개판 문의 해도 대답 만 똑같고 바뀌는게 없음",9.1.4,2,"","깡감자"
2026-03-21,5,"배송빠르고 가격대도 저렴하고 물품도 다양해요 쿠팡만한 배송업체는 없다!",,0,"","박신영"
2026-03-21,1,"왜 내가 직접 실행시키지도 않았는데 하루에 몇번씩 자동으로 실행되어 있는지 모르겠다. 접속자수 높여보이기 위한 꼼수냐? 왜 저절로 실행되는지 답글 달아놔.",9.1.4,1,"","이진욱"
2026-03-21,1,"안눌렀는데 뜨는 광고 좀 없애주세요",9.1.4,1,"","최욱진"
2026-03-21,1,"광고납치로 인생피곤하게 하는저질어플",9.1.2,1,"","0 0"
2026-03-21,1,"시도 때도 없이 멋 대로 화면 나타나 짜증나 진짜 🔥 지르고 싶다니까 신고 하면 되나",9.0.8,1,"","황재영"
2026-03-21,5,"빠르게 집도찹 참좋아요",9.1.3,2,"","주영희"
2026-03-21,1,"회사 문제로 발급된 5천원짜리 쿠폰.. 쓰라고 광고 팝업.. 챙피하지 않음? 알림을 켜놓지도 않았는데 어떻게 뜨는거임?",9.1.4,1,"","한병일"
2026-03-21,5,"모바일 접속 가능 좋습니다.",9.1.2,2,"","이수석"
2026-03-21,1,"알림에서 광고수신 꺼놨는데도 계속 해서 알림 보내는건 머죠? 그냥 삭제할렵니다.",9.1.3,0,"","김정일"
2026-03-21,1,"소비자 계정정보가 털리는데 책임도 안지는 미국기업이면 내가 이걸 왜 쓰니?",9.1.4,2,"","윤웅희 (DEIT)"
2026-03-21,1,"구매이용권이니 뭐니 하는 것좀 그만 보내라 해킹당해서 보상 쥐똥만도 못한거 생색내는 것도 아니고... 이제는 지들이 뭘 잘못했는지 모르고 부끄럽다는 개념이라도 상실한건지 모르겠는데 일반적인 상식에서 너무 벗어난 행동으로밖애 안보인다. ai가 그렇게 하라고 시키더냐",9.1.3,2,"","w tf"
2026-03-21,3,"쿠팡 잘 사용하고 있는데요 불만사항은 쿠팡에 들어가지 않아도 지맘대로 들어갔다 나가고 그러네요 좀 고쳐주세요",,0,"","백현준"
2026-03-21,1,"한국에서 이득은 다 보면서 불리할 땐 미국기업... 죄송하지만 안 쓰렵니다",8.9.6,1,"","김운강"
2026-03-21,1,"바로 결제 기능도 그렇고 멤버십 안사면 결제도 못하는 이딴게 쇼핑앱임? 이 앱 때문에 해킹 당했으면 일 처리를 더 열심히 해야하는거 아님? 미안다고 쿠폰 주면 뭐함 뭐 결제를 못하는데 그리고 최근에 본 상품은 왜 지운거임?진짜 이정도로 일 처리 제대로 안하는 쇼핑 어플 처음봄",9.1.4,8,"","??"
2026-03-20,1,"갈수록 배달실수가 많아지네요 저번에는 내용량이 다 터져서 오더니 이번에 다른곳에 배달되있고 짜증나네요",9.1.4,0,"","이호형"
2026-03-20,1,"개인정보는 털리고 혜택은 점점 없어짐. 소비자를 우습게 아는듯해서 별로임. 진짜 빨리 대체 쇼핑몰 나와줬으면",9.1.4,0,"","윤"
2026-03-20,5,"정말 유용한앱 입니다.♡",9.1.4,22,"고객​님, 반갑습니다. Wow the Customer! 쿠팡입니다. 원활한 앱 이용에 도움이 되어 너무 다행입니다. 항상 편리한 쇼핑 환경을 제공할 수 있도록, 끊임없이 고민하고 노력하며 개선해 나가겠습니다. 추가로 전달하고 싶은 의견이 있으신 경우 언제든지 고객센터로 문의 부탁드립니다. - 365일, 24시간 운영되는 전화(1577-7011) 또는 채팅 상담 언제나 최선을 다하는 서비스로 보답하겠습니다. 감사합니다. 쿠팡 드림","전현길"
2026-03-20,1,"퀴팡 사용이 실타",8.3.7,0,"","정Jinmi551114@nate,com"
2026-03-20,1,"로그인이 쳐안됨",9.1.4,0,"","suny"
2026-03-20,1,"로그인이 안되고, 비밀 번호도 계속 틀렸다고 하네요.",7.5.3,1,"","이가은"
2026-03-20,1,"최근 본 상품 기능이 사라졌어요. 쿠팡 광고 푸시 누르고 언제나처럼 무심코 1초만에 뒤로가기 누르고선 어 그거 사야돼 뭐였지 싶었던 거 다시 보려는데 찾을 방법이 없음ㅠㅠㅠ 여기도 앱기획자 AI로 대체됐나요? 최근 본 상품을 돌려주세요.",9.0.3,0,"","밍밍"
2026-03-20,1,"아니 로켓프레시 때문에 로켓와우 회원비 냈는데 모든 상품이 다 일시품절이라고 떠요. 이럴거면 회원비 왜 낸거죠? 환불하든지 일 똑바로 처리하든지",9.1.3,2,"안녕하세요 고객​님, 쿠팡입니다. 미흡한 배송으로 인해 크게 실망하셨을 고객님을 생각하니 마음이 무겁습니다. 추후 동일 사례가 발생하지 않도록 쿠팡 친구를 관리하는 담당 부서로 전달하여 개선해 나갈 수 있도록 노력하겠습니다. 혹시라도 배송 요청 사항이 기재되어 있음에도 문제가 해결되지 않은 경우 고객센터로 다시 한번 문의해 주시면 담당자가 신속하게 확인 후 안내해 드리겠습니다. - 365일, 24시간 운영되는 전화(1577-7011) 또는 채팅 상담 고객님께 더 좋은 경험을 제공해 드리는 쿠팡이 되도록 더욱 각별히 노력을 기울이겠습니다. 감사합니다. 쿠팡 드림","이XX"
2026-03-20,3,"다시 9800원이되면 좋겠어요ㅜㅜ",9.1.3,1,"","최하나"
2026-03-19,5,"상품 다양,구매편리함,배달신속",9.1.3,0,"","박찬이"
2026-03-19,5,"아주좋아",9.0.2,0,"","진용배"
2026-03-19,1,"개인정보 유출로 인한 쿠폰 5만원중 5천원 밖에쓸게 없음",9.1.3,1,"","초사이언"
2026-03-19,1,"사상 최악의 광고 유도 및 강제 앱 화면으로 이동시키는 역겨운 어플 / 자주 이용하지만 광고로 인한 사이트(앱) 이동은 정말 역겹고 더럽고 냄새난다",9.1.3,1,"","레이방송Rai's broadcating"
2026-03-19,4,"믿어주는 소비자가 있기에 살아있는거다.. 상식적으로 잘 좀 하자",,0,"","Lm ol"
2026-03-19,1,"최악",9.1.3,0,"","H-TS GE"
2026-03-19,1,"탈팡",,0,"","문성각"
2026-03-19,3,"개인정보 가격 5000원",9.1.3,1,"","이상영 (레알문제아)"
2026-03-19,2,"쿠폰을 주셨는데 쓸수가 없어요 사고싶은 제품이 입고를 안하는데 짬처리 시키는것도 아니고... 무엇을 사라는 것인가요",9.1.3,0,"","박세희"
2026-03-19,3,"최근 본상품 버튼 어디갔습니까",,0,"","혜윰"
2026-03-18,1,"스크롤만 해도 광고들어가지는거 추하네 진짜 불매마렵노 ㅋㅋㅋㅋㅋㅋㅋㅋㅋㅋㅋㅋㅋㅋㅋㅋㅋㅋㅋㅋㅋㅋ",9.1.3,0,"","정지영"
2026-03-18,1,"별로입니다 쿠팡.",8.2.1,0,"","hw k"
2026-03-18,1,"광고 넘 심함. 조금만 스치면 바로 쿠팡으로 가는 광고좀 그만",9.1.3,0,"","이현지"
2026-03-18,1,"싫어 👎",,0,"","YENA KANG"
2026-03-18,1,"아니 뒤로가기 버튼 누르면 맨 위 상단으로 올라가게 만들면 어떡하나요. 쇼핑몰에서 제일 불편한 기능이 이건데 어떻게 이 기능을...........",,0,"","3838"
2026-03-18,1,"사기당함",9.1.3,0,"","서병기"
2026-03-18,5,"앱이 정말 깔끔하네요. 무엇보다도 구하기 힘든 다양한 상품이 진열 되어 있어 무엇을 사야할지 고민이 되네요 ^^",9.1.3,1,"","방용식"
2026-03-18,3,"업데이트 하고 주문배송 알림이 안옴",9.1.3,0,"","이유"
2026-03-17,5,"네이버페이 계좌 결제 말고 그냥도 할 수 있게 해주세요ㅠ 쿠팡 와우를 가입을 못해요ㅠ 제발요 해주세요ㅠ",9.1.3,0,"안녕하세요 고객​님, 쿠팡입니다. 더 나은 쿠팡을 위해 네이버페이 계좌 외 결제 수단 도입을 제안해 주셔서 감사합니다. 고객님께서 말씀해 주신 의견은 담당 부서로 공유하여 개선해 나갈 수 있도록 노력하겠습니다. 추가로 전달하고 싶은 의견이 있으신 경우 고객센터로 문의 부탁드립니다. - 365일, 24시간 운영되는 전화(1577-7011) 또는 채팅 상담 감사합니다. 쿠팡 드림","박종은"
2026-03-17,1,"광고알림 자꾸 강요하네 개빡치게 .. 안볼거라고 설정했는데도",9.1.3,0,"","Dw R"
2026-03-17,1,"소비자를 개보듯 무시함",,0,"","샤워TV"
2026-03-17,2,"내가 이걸 설치한건 뉴스나 글 속 쿠팡광고가 너무 많고 실수로 누르게되면 앱없이 웹브라우저로 쿠팡이 열리면 돌아가기 귀찮아. 차라리 앱으로 열리면 그냥 닫아버리면 되거든. 난 그냥회원탈퇴했다.",9.1.3,0,"","Jungkyun Hyun"
2026-03-16,1,"배송 빠른거말곤 상품이 비쌈",,0,"","조재영"
2026-03-16,1,"쿠팡 진짜 퇴물 다됬네 개인정보 털린것까진 어떻게든 이해하겠는데 ㅋㅋㅋ 적당히 해야지 설명도 대충 해결도 대충 대체 잘하는게 뭐임? 쪽팔린줄 알아야지 ㅋㅋㅋㅋ 하긴 한명한테 아무힘도 못쓰고 털린 기업이 뭘 할줄 알겠냐 한심하다 ㅋㅋㅋㅋ",9.1.3,1,"","멜페"
2026-03-16,1,"전 자동으로 로그아웃됬어요 ㅡㅡ",9.1.3,0,"","민초좋아욤"
2026-03-16,5,"올웨이즈보다 훨씬 깔끔함",9.1.3,0,"","김지수"
2026-03-15,5,"없는거 빼고 다있는 빠른 배송 쿠팡",9.1.3,1,"","은수빈"
2026-03-15,5,"쿠팡 홧팅",9.1.3,0,"","김진동"
2026-03-15,1,"1. 결제하려고 하니까 현금영수증 등록하라는 메세지 뜸 2. 현금영수증 등록했더니 ""정상적으로 안됐다""는 메세지로 같은 화면 5회 반복. 3. 마이페이지 가서 현금영수증 등록. 나가려하니까 쿠페이 화면만 계속 나옴. (뒤로가기, 껐다켜기, 캐시삭제 다 쓸모 없었음) 4. 그래서 어플 삭제후 재설치함, 로그인 창뜸 5. 번호 입력하니까 문자 왔다는데 입력하려고 보니 창 닫힘, 잠깐 나가서 문자 확인하러오니까 닫힘 반복 6. 3번째 시도 끝에 문자 입력 성공하니까 프로필 뜸. 프로필 누르니까 간편 로그인 불가능하다며 4번창 반복됨 걍 사려던 것도 사기 싫어요 ㅋㅋ",9.1.3,8,"","구리씨유"
2026-03-15,4,"써보니까 뭐 낫배드 낫굿인데 일시품절인 물건 재입고 날짜 대략이라도 알려줬으면 좋겠네요",9.1.2,0,"","임태균"
2026-03-15,1,"상세페이지에 위로가기 버튼 좀 만들어 주세요!!! 예전엔 있었는데 왜 없어진 건가요 너무 불편하네요ㅠㅠㅠ지난번에도 요청했는데 해줄것 처럼 댓글 달고는 1년이 다 되가는데도 안해주시네 그게 그리 힘든가요? 어떤 사이트는 위로가기 아래로 가기 둘다 있어서 너무 편하든데ㅠㅠㅠㅠ",9.1.3,7,"","신정난"
2026-03-15,1,"ㅇㄴ 올때 너무 더럽게 오고 던져서 와요ㅁㅊ",9.1.3,0,"","강다현"
2026-03-15,4,"괜찮아요",9.1.3,0,"","Weijun Park"
2026-03-14,1,"업뎃후 상세 페이지 확대가 안돼요 글씨가 안보여서 주무할수가 없네요",9.1.1,0,"","jfaning"
2026-03-14,1,"쿠팡 투자사가 한국정부 상대로 소송한다네요 어이가 없어서 원..이제부터 탈팡 합니다",,1,"","hyemin park"
2026-03-14,1,"로켓와우회원에 가입해야만 살 수 있게 해두면 그냥 쿠팡 쓰지 말라는 건가? 로켓와우 가입하면 매달 7000원씩 나가는데.",9.1.3,0,"","냐배어여"
2026-03-14,2,"옷 샀는데 갑자기 맘에 안들어서 상품 준비중에서 반품처리함.근데 반품 했는데 하루 반동안 돈이 안들어왔음. 이것도 신종사기인가요? 조금 실망했습니다",9.1.3,0,"","이재희"
2026-03-14,1,"대체 쇼핑몰 어플 나오면 바로 갈아탐 솔직히 지금도 안쓰는 중 그나마 편의 기능 때문에 쓰는데 배송 시간도 지 맘대로고 뭔 오후 3시부터 11시 내 배달 예정이래 ㅋㅋㅋ 반품 환불 신청 방법도 되게 복잡하고 불편함 개인정보 다 팔아먹고 나라 팔아먹고 도움 하나도 안 되고 기만하는 쿠폰은 뭐하러 계속 알림을 띄우는지ㅋㅋㅋㅋㅋ",9.1.3,6,"","오리"
2026-03-14,1,"고객을 우롱하는 기업",8.9.8,2,"","이경민"
2026-03-14,4,"쿠팡너무좋아요 근데 식자재 같은거 강원도 동해시도 로켓프레시 새벽배송 가능하게해주세요",9.1.3,0,"","정요한"
2026-03-13,1,"'최근 본 상품' 제발 이 기능 없애지 마요 진짜..ㅠㅠ",9.1.2,6,"","Half m"
2026-03-13,5,"쿠팡 없으면 살수가 없지요, 늘 고맙게 생각합니다,다들 힘냅시다,,,",9.0.3,0,"","budi won"
2026-03-13,5,"여기 여기저기 다 있어서 나중에 필통이 없을 때 살 수있고 핸드폰 케이스도 예쁜 것도 있어서 너무좋아요",,0,"","권주완"
2026-03-13,5,"뭐 쿠팡이 최고인지는 모르겠으나 새벽배송 직접 뛰어보는 로저스 누가 이길건데 ㅋㅋㅋㅋ 까던 유사남성들 도태되었고~",9.1.3,1,"","H D"
2026-03-13,5,"밥솥 없어 못산다 쿠팡 없어 못산다",9.1.2,0,"","강훈"
2026-03-13,5,"굿굿",9.1.2,0,"","Olivia Carter"
2026-03-12,1,"대한민국에서 제발 사라져",8.4.1,1,"","1교시강샘"
2026-03-12,5,"좁버뭇다",,0,"","하철호"
2026-03-12,1,"사용자 정보 유출에도 불구하고 회피하는 기업의 태도 불만.",,1,"","이상희"
2026-03-12,1,"쓰레기",9.1.2,1,"","ForCyon"
2026-03-12,1,"안녕하세요 저 1월 생일 선물을 샀는데 제금 3월달이 되어서도 안오고 있습니다 재작년에도 그래서 참으려 했는데 이번ㅇ0도 그래서 별점 1점 드립니다 1점도 아까워요",9.1.2,1,"","송희조"
2026-03-12,2,"가격이 얼마인지 헷갈려요. 쿠폰할인 때문에 뭔가 난잡하네요.",9.1.2,0,"","이태영"
2026-03-12,1,"개인정보 보호 개떡같이 해놓고 홈페이지 접근성도 별로. 앱 쓰라고 홈페이지 엄청 불편하게 만든듯.",,2,"","김수아"
2026-03-12,1,"중고폰을 샀는데 내이메일로그인해도 다른사람아이디로 로그인됨ㅋㅋ 쿠팡보안 Good",9.1.2,0,"","태클"
2026-03-11,1,"접속이 잘안되요",9.1.2,0,"","유희라"
2026-03-11,1,"한 개도 아깝다... 이런 미국 기업은..",9.1.2,1,"","킴재히"
2026-03-11,1,"아직도 이 쓰래기같은걸 안고쳐놨네. 꼭 사이트에 쿠팡광고 있으면 앱 켜지면서 전체화면으로 광고를 띄우는 기적. 내가 다시 쿠팡앱 쓰나봐라. 쿠팡 자체도 안쓰는쪽으로 마음이 기우는데.",6.7.8,0,"","Xenon 54 (Xenon54)"
2026-03-11,5,"말이 많을 때도 있지만 늘 잘 쓰고있습니다",,0,"","손원준"
2026-03-10,1,"택배가 일반배송 속도 수준으로 떨어졌고 돈주고 멤버십 가입했는데 혜택도 줄어들었음 쿠팡플레이는 패스인지 나발인지 또 돈내야 영화볼수있게 바꿨네 안그래도 볼게 없는데 꼭 그렇게 했어야했나?",9.1.2,0,"","아오지티"
2026-03-10,5,"로켓 월회비가 부담되서 이용잘 않하게되요",9.1.2,0,"","박선희"
2026-03-10,1,"제가 좀 오래됐는데 와우 할인 해준다고 해서 와우가입했어요. 근데 할인을 쥐콩알만큼만 해서 해지하고 다시는 안했다가 살 제품이 있어서 보고 있었는데 로켓프레시로 와우 회원 밖에 안한다는거에요? 그래서 와우가입했더니 하기 전에는 분명 와우전용 할인 0원인데 가입하고 시킬려고 했더니 와우 할인쿠폰 2만원ㅋㅋㅋㅋㅋㅋ 진짜 뭐하는거임??? 그리고 애 조카 두유 48000원에서 2만원 대로 떨어져있었는데 시킬려고 보니까 그냥 다 합쳐서 쿠폰 2만원ㅋㅋㅋㅋㅋ 진짜 이런 뭐 사기가 다 있지? 내가 그래서 다시는 안할려고 했는데 어쩔 수 없이 했더니 역시나 믿을 게 못됨 다신 안할거임;;;;;;;",9.0.2,5,"","유윤선"
2026-03-10,5,"개인정보 유출 차단",,0,"","김기현"
2026-03-10,1,"와우 맴버십 안쓰는데 계속 자동으로 결제되고 취소하니까 돈 그냥 처먹고 환불하려 전화하려는데 전화번호도 안나와있고 퇴물 다 된거 같음",9.1.2,0,"","하정"
2026-03-10,1,"음 최근 본 상품 시스템을 왜 없앤거지?",9.1.2,1,"안녕하세요 고객​​님, 쿠팡입니다. 멤버십 해지 과정에서 불편이 많으셨을 것 같습니다. 와우 멤버십 해지 시 환불 소요 기간의 경우 결제하신 금융 수단에 따라 다른 점 양해 부탁드리며, 아래 경로에서 확인하실 수 있는 점 참고 부탁드립니다. - 경로: 마이쿠팡 - 와우 멤버십 관리 - 해지하기 쿠팡 이용에 불편함이 없도록 보다 개선된 모습으로 찾아뵐 수 있도록 노력하겠으며, 추가로 전달하고 싶은 의견이 있으신 경우 언제든지 고객센터로 문의 부탁드립니다. - 365일, 24시간 운영되는 전화(1577-7011) 또는 채팅 상담 감사합니다. 쿠팡 드림","성하나"
2026-03-10,1,"개인정보 유출치고 정작 보상해주는 쿠폰은 5000원정도인데 기분이 더러움 차라리 와우혜택을 다르게하든지 별 같잖은 19800원 맞추게하면서 사실 익일배송이나 당일배송은 수도권이나 광역시정도만 혜택보지 지방은 2일배송인데 kt도 요즘 비슷한 연락오는데 유출 보상으로 데이터를 자동으로 설정해놨던데 무제한 요금제쓰는데 처올려놓으면 무슨 혜택이 생김? 법이 약하니까 개나소나 유출시키는데 정보가 유출되었습니다 죄송합니다보다 범스기나 청문회나왔던 외국인이나 위에있으신 사람들 개인정보를 같이 공개하면서 사과하는게 좋아보인다 어차피 탈팡도 카톡처럼 대체재가 나와야 가능하니까",9.1.2,0,"","이창희"
2026-03-09,1,"와우 회원 가입 안 하고 로켓배송 안 할거라고 강요하다 못해 걍 결제를 못하게 해버리네 그지같아서 안 쓸란다",9.1.2,0,"","김재원"
2026-03-09,3,"최근 본 상품을 못 보는 건 너무 큰 흠 같음",9.1.2,1,"","백희경"
2026-03-09,1,"택배를 진짜 많이 미루고 불량품도 진짜 많이 오고 탁배포장도 진짜 이상하게 하는 애들",9.1.2,0,"","신민아"
2026-03-09,1,"the worst app.",9.1.2,0,"","beans thous"
2026-03-09,1,"기업이 쓰레기인거랑 별개로 어플 자체도 쓰레기.",9.1.2,0,"","HS Choi"
2026-03-08,1,"탈팡하라!!",8.3.2,0,"","not today"
2026-03-08,1,"여기 리뷰도 돌려 막기 조작하는거 다 보인다 ~ 악행의 끝판왕 더러운 기업. 하는 행실때문에 구매자들이 감정이 좋을수가 없다 인터넷에 뿌려논 지뢰밭 납치광고 집어치워라 !!! 개인정보 털림 쿠폰도 쪼개서주고 직원사고 불성실근무로 몰아가고 산재 사고 은폐 시키는 쓰레기 미쿡기업 . UI창도 지저분한 광고로 도배하고 복잡스럽게 만들었구.. 19000원 정도인가 안사면 구매안되고 노골적 와우멤버쉽 강요하는 꼬라지가 참~ 가관이다. 돈만아는 아주 양아치 악덕 표본 기업 이런회사는 외면 당해야한다 별점은 마이너스나 빵점이다",9.1.2,15,"","정용명"
2026-03-08,1,"자세히 안보면 광고 설정하게 꼼수썼어요. 광고때문에 너무 짜증나요. 요즘 진심으로 쿠팡 끊을까 고민중입니다.",9.1.2,0,"","박석훈"
2026-03-08,5,"누가 뭐라그래도 제일편하고 제일 좋음~",9.1.2,1,"","마음의평화를"
2026-03-08,1,"아니 어떻게 쿠팡은 로그인할 때마다 비번 정확히 입력하는데 로그인이 안돼 뭐야 도대체",9.1.2,1,"","슈!"
2026-03-08,5,"안녕하세용 아주좋아요 최고입니다",,0,"","남성최광규"
2026-03-08,1,"회원정보까지는 로켓배송의 장점에 묻혀서 참고 쓰는데 이제는 다른 상품까지 배송을 보내? 그리고서는 하루가 더 걸려? 멤버쉽 가입해서까지 쓰는 이유가 뭔데 빠르니까 쓰는거 아녀 근데 잘 못 보내놓고 교환하는데 하루가 더 처 걸리면 말이 되는 소리냐? 바로 보내줘야지 그냥 답이 없는 어플에 답이 없는 회사네",9.1.2,0,"","SeonWoo Bang"
2026-03-08,1,"최근본상품 메뉴가 왜 자꾸 있었다가 없었다가 하나요? 그냥 메뉴에 추가해주세요 안쓰는 사람도 있겠지만 전 개인적으로 사용합니다. 분명 아까전에 봤던 상품이 괜찮았는데 하고 찾아보면 못찾고 결국 구매도 못한게 많습니다. 제발 좀 없애지 말고 추가해주세요 별로 자리 차지 않하잖아요? 그리고 원래 쇼핑몰엔 기본으로 있는 메뉴기도하고요",9.1.2,11,"","down Count"
2026-03-08,1,"케이스가 이상한게옴",9.1.2,0,"","하준김"
2026-03-08,1,"쿠팡제품 식품외 알리에선 더싸드라 요즘알리쇼핑이더낫다 까짓거 배송 몇일 기다리지~언제는 안기다렷나 상담 문의해도 3초??를못기다려서 다른사람으로 교체되질않나 말을 또 반복해야되ㄱ이따위로 하니 사람들이 나가떨어지지 요즘은 11번가 지마켓등등 조금씩치고나오는거 너무 좋음 !!쿠팡은 새상품을 삿는데도 반품물건을 보내질않나!!반품물건 확인도안하고 걸레짝을보낸다.반품물건을새상품이라하고 팔기도하고!!물건값을 몇초사이에 올리질않나 무료반품?거짓말투성에 물건도 안좋고 이게 사기지 쇼핑몰이냐??판매자가 아닌 쿠팡 본사 마음대로 가격을 올리는거엿더라???이와중에도 쿠팡 또 떠 18 진짜 정도껏해야지 쿠팡 싫다진짜 기사좀보려고 하면 여기저기 쓸데없이 쇼핑하라고 계속 뜨는것도 .. 정도껏해야지 심하다진짜 폰던져버릴만큼 이러다 진짜 쿠팡 뭔 사단이 나긴날것같다 짜증나!!작작해 쿠팡 배송기사님들은 진짜 너무 착하고 너무너무 감사하다 기사님들 월급이나 더올려줘라 악덕들아",9.1.2,20,"","블리챠"
2026-03-07,1,"사기꾼들도 있음 행잉자스민 씨앗구매해서 발아시켰는데 행잉자스민이 아닌 이름모를식물이고 환불요청하려니 이미 싸이트 품절이라고 내리고 없음 그래서 소비자고발센터 고발하려는중 다른분들도 씨앗 분꼿 씨앗받았다고 함",9.1.2,1,"","김기옥"
2026-03-07,1,"쓰레기 회사",8.6.2,1,"","한검재"
2026-03-07,1,"알림 옆에 최근 본 상품 있어서 구입하기 좋았는데 업데이트만 하면 사라졌다가 업데이트로 나타났다가 불편합니다. 최근 본 상품도 나타나게 해주세요.",9.1.2,1,"","사용1 google"
2026-03-07,1,"딴건 모르겠고 진짜 저질스러운 광고 좀 적당히 하면 안되나? 예전에는 광고 팝업 띄우던데 뭐 이것까진 이해하겠는데 이제는 아무것도 안눌렀는데 갑자기 지멋대로 쿠팡이 켜지네 ㅋㅋㅋㅋㅋㅋㅋㅋㅋㅋ 니네도 알리, 테무랑 별반 다를거 없다",,0,"","J AW"
2026-03-07,1,"얘네들 재가입 안받나보네요.?",9.1.2,0,"","오승명"
2026-03-07,1,"예전부터 뉴스 기사 뭐 하나 읽으려고 하거나 티스토리 같은 블로그글 보려면 강제 쿠팡 팝업 떠서 안그래도 싫었어요 광고를 이딴식으로 하면 반감만 더 사는거 아닌가? 안그래도 싫어서 안쓰고 있었는데 개인정보 유출 터지고 대처도 별로고 로비까지 해가면서 나라에 해 끼치는 기업 더는 쓰고 싶지 않아서 탈팡 하고 삭제 합니다 네이버나 배민 비마트 써도 충분해서 쓸 필요성을 못느끼겠네요",7.8.4,0,"","유혜리"
2026-03-07,1,"가짜금",,0,"","니숌마 (음매해)"
2026-03-07,5,"굿잡",9.1.1,0,"","김진하"
2026-03-07,1,"한번쓰거나 사용감 심한 물품들이 너무 많음.반품이 잘된다는게 장점이자 단점.",,0,"","뭉대"
2026-03-07,1,"아니 배송을 미뤘으면 미뤘다고 얘기를 하던가 요즘따라 참 개판이네요 일주일전에 시킨게 안 오길래 확인 해봐도 배송 예정이여가주고 욕 나올 뻔 했네요 ㅋㅋㅋㅋㅋ 예정일 사흘 넘게 배송 해줘서 고마워요~~~",9.1.2,1,"","최성우"
2026-03-07,1,"개인정보 유출 후 시키지 않은 택배가 배송 완료되었다는 문자가 계속 옵니다. 정말 역겨워요",9.1.1,0,"","ha mo"
2026-03-06,1,"일시적으로 사용자가 증가해서 사용할 수 없다는 메세지만 자꾸 나옵니다. 몇 번 삭제 후 설치해도 동일한 현상인데 해결 방법을 알 수가 없네요.",9.1.2,0,"","이정로"
2026-03-06,1,"광고좀 좀 작작 띄워요.. 뭐 클릭할때마다 짜증나게 새창 뜨네..",,0,"","진혁"
2026-03-06,1,"와우혜택 좀 치워라; 돈도 없어 죽겠는데 물건 하나 사려는데 별짓을 다하노",,1,"","ri A"
2026-03-06,2,"가끔 웰컴백 쿠폰 많이 비싼 물건 공짜로 팔거나 많이 싸게 파는거에 리셀하려고 눈돌아가서 사지마셈.가격 검색해보니까 원가 15만원이라 적혀있는 상품 원가가 1~2만원 함 쌩 구라임 이거 ㅇㅇ",9.1.2,0,"","J K"
2026-03-06,4,"장점은 결제가 빨리 되는 것입니다. 결제할 때 비밀번호를 치지 않아도 되는 게 너무 편합니다. 단점은, 주문할 가게에 들어가서. 상단에 있는 여러 메뉴 중 하나를 누르면, 그 메뉴로 가기 위해 음식들이 위로 쭈르륵 올라간다는 게 너무 불편합니다. 눈이 아프거든요. 요기요 같은 경우는 예를 들어 롯데리아로 들어가서. 세트 메뉴나 사이드 메뉴 같은 걸 누르면 스크롤이 없이 바로 그 메뉴로 갑니다. 그런데 배민이랑 쿠팡은 그 메뉴로 갈때까지 음식들이 처음부터 위로 쭈르륵 올라갑니다. 요기요처럼 각각의 메뉴로 스크롤 없이 바로 가는 것은 각 메뉴의 첫 번째 음식의 주소로 바로 그냥 가게 하면 되는 거라 전산적으로 굉장히 간단할텐데 왜 우리 눈을 아프게 하는지 모르겠습니다. 소비자들은, 그렇게 음식들이 주르륵 올라가는 것을 매번 보면서 즐거워할 아기나 컴맹들도 아닌데 말입니다.음식들이 쭈르르르륵 올라가지 않으면, 눈이 편해서 더 자주 시킬 것 같습니다.",9.1.2,2,"","조원준"
2026-03-06,1,"로그인 무반응.",,0,"","최정운"
2026-03-06,1,"개인정보 어떻할거냐",,0,"","마다라우치아 (다크 히어로)"
2026-03-06,5,"쿠팡 파이팅 알리테무 꺼져 ^^",8.8.4,1,"","Blue Aesthetic"
2026-03-05,5,"미ㅣㅣㅣ이이이이ㅣㅣㅣ쳐따....ㅜㅜㅜ 쿠팡 사랑해요 ❤️❤️❤️❤️❤️❤️❤️❤️❤️❤️❤️❤️❤️❤️❤️❤️❤️❤️❤️❤️❤️❤️❤️❤️❤️❤️❤️❤️❤️❤️❤️❤️❤️🥹❤️🥹🥹❤️🥹❤️❤️🥹❤️🥹❤️🥹❤️🥹🥹❤️🥹❤️🥹❤️🥹❤️🥹❤️🥹🥹❤️ 계룡시라 쿠팡프레시 안 되가지고 막막 울면서 저 굷고 있다 여기 마트가 홈플밖에 없는데 홈플 개망해서 바나나도 안 들여온다. 나 굶고있다. 절실하다 쿠팡. 이러면서 고객센터에 제발 오픈해달라고 개찡찡대ㅛ는데 ""아 죄송합니다 우쭈쭈 서비스 될때까지 기다려주세요"" 하고 연락 왔음!!!!! 근데 그래도 사실 좀 오래걸릴거라고 생각했단 말이죠......? 엥 아니 근데 오늘도 주린 배를 잡고 쿠팡 프레시 아련하게 장바구니 담아두려고 보니까 배송 버튼이 활성화 되어있는거예요요ㅛㅛㅛ....... 엥 이게뭐지 이게뭐지 몇 번을 확인해도 배송 가능.... 세ㅔ상에 저 그냥 기절임. 하 너무 감사해ㅛ요 쿠팡 사랑해 너없이 못살아",9.1.1,0,"","ui s"
2026-03-05,1,"돈안내면 로켓프래시 상품 사지도 못하는 쓰레기앱",9.1.1,0,"","문하민"
2026-03-05,1,"업데이트 숨쉬는 것보다 많이 하면서 안하면 들어갈 수가 없네",9.0.0,0,"","이세영"
2026-03-05,1,"로그인화면도 수상하게 바껴서 깨름칙해서 순삭",9.1.1,0,"","아몰라"
2026-03-05,1,"버즈 프로 케이스 안이 누가 썼던거처럼 누래요 ... 될리가 없는데 충전도 되있고 참... 방금 바로 반품 신청함",9.0.6,0,"","이미설"
2026-03-05,1,"쿠폰그런것주지말고 우리가사용할수있는걸로성이를보여주세요",9.1.1,0,"","뽀뽀아름다운마녀"
2026-03-05,1,"갑자기 정액제 구매 안 하면 아무것도 못 사게 하는 이상한 곳이 됨. 정보 유출은 둘째치고 이거때문에 반감 생겨서 그냥 지움",8.6.5,1,"","개졸려"
2026-03-05,1,"멤버쉽 가입 안하면 사지도 말라는 건가요? 이럴 거면 유출 보상으로 쿠폰은 왜 줬음?",9.1.1,1,"","설교왕"
2026-03-05,1,"배달도 느리고 개인정보유출도하고 진짜 별로네 쿠팡쓸바엔 네이버스토어 쓸듯",9.0.6,1,"","per son"
2026-03-05,1,"해킹 보상 쿠폰 진짜 교묘하게 돈 쓰게 뿌려서 별 1개 줄게",,1,"","다시마"
2026-03-05,1,"별하나도 아까움 ㅡㅡ 빠른배송 하나인데 일도 똑바로 안해서 탈팡 합니다",9.1.1,1,"","강송민"
2026-03-05,1,"구 아파트 살면 물건 누가 훔쳐가도 찾을 방법도 없고 복도에 CCTV 설치도 불가능한데 구매 정지 처리 시킨거면 니들이 잃어버리던 말던 돈이나 내놔라는 시스템 잘 알겠습니다.",9.1.1,0,"","랜덤"
2026-03-05,1,"원래 알림 옆에 최근 본 상품들 볼 수 있게 되어 있었는데, 이번에 업데이트 하고 나선 그게 사라져버렸습니다. 그거 되게 유용하게 사용했는데, 그거 없어지니 너무나 불편합니다. 왜 없앤거죠?! 다시 살려주세요! 어느 플랫폼이건 다 있는 히스토리를 왜 없애서 이용자, 고객에게 불편을 끼치나요?! 뭐 하나 제대로 하는 게 없는 거 같은 쿠팡이 돼 가고 있음.",9.1.1,71,"","황주연"
2026-03-04,5,"대체왜 우리 쿠팡을 뭐라하는지 모르겠어요 솔찍히 알리 테무도 개인정보 뽀리는데 그놈들은 걍 기업에서 뽀리는데 쿠팡은 어이 없게 해킹을 당한것일뿐 와우회원 저렴하게 구매 되고 독거미 키보드를 네이버스토어의 비해 저렴하게 살수 있습니다 내이버에서 독거미 키보드가 9만원(F87)쿠팡(저 솜사탕 축 넣어서 7만원에서 6만원) ☠️☠️☠️ 갓 쿠팡 강추",,1,"","이민준 (뚱이뚱뚱이)"
2026-03-04,1,"정보를 쳐 공개했으면 보상이라도 잘하던가 구매제한 5000원을 주면 뭐 어쩌란거임? 뭐 실수로 노출했다 치고 뭐 돈뜯을 생각이 먼저라서 보안도 신경안썼다고 치고 해도 구매제안 없음 쳐 써두고 구매제한을 걸어둔건 나를 사람으로 보는기가",9.1.1,1,"","딩딩"
2026-03-04,1,"아니 어이가없네 배달기사님들 양심이 너무 없으신거아닙니까?택배를 대충 던지질 않나 너무합니다. 택배좀 던저서 놓지말았스면 좋겠습니다.",9.1.1,1,"","조아인"
2026-03-04,1,"탈팡.",,1,"","벽계"
2026-03-04,1,"글씨체가 커졌어요ㅠㅠ다시 깔아도 똑같네요 불편합니다",9.1.1,0,"","최소원 (토깽)"
2026-03-04,1,"광고",,1,"","이동우"
2026-03-04,1,"아니 너무하신거 아니예여? 오랜만에 쿠팡플레이 들어갔더니 거의다 개별구매네요? 처음엔 와우회원되면 좋은점이 영화도 그냥볼수있고 +무료배송등등 지금은 회원비도 올렸는데 영화도구매해서봐야되여? 회원정보도 털렸겠다 얼마나 털어가실려구 그러세요? 심하네 이건..'' 쿠팡플레이 볼꺼면 넷플릭스보죠 ㅜㅜ",9.1.1,1,"","min seo Chea"
2026-03-04,5,"너무감사해요",9.1.1,0,"","진혜란"
2026-03-04,5,"침대에서 5분만 하려다 해 뜨는 거 봤습니다. 출근 망함. 연차 써야하나 고민중.. 하.. 너무 재밌어",,0,"","뱅뱅"
2026-03-04,1,"탈퇴했는데 회비가 계속 나가는데 어떻게된일인가요?",8.0.5,0,"","김영숙"
2026-03-03,5,"이래저래 말은 많지만 전 만족스럽게 잘 쓰고 있습니다. 쿠팡 응원합니다!",9.1.1,2,"","cottcan_"
2026-03-03,1,"최악의 쇼핑몰 ㅇ ㅇㅇ",9.1.0,0,"","최용순"
2026-03-03,1,"쿠팡. 배송지연에다 형편업네요. 실망이네요 정말 휴대폰 공기계 구매했는데 배송지연이라니. 화가나네요 형편없이 네요. 에휴,",9.1.1,0,"","이영호"
2026-03-03,1,"탈팡,불매",4.6.6,3,"","Google 사용자"
2026-03-03,1,"유튜브 쇼츠 광고납치때문에 지움",9.0.3,2,"","동그랑땡"
2026-03-03,1,"로켓프레시 구매하고 20분 안에 추가구매 하면 15000원 안 채워도 구매 가능하다는 말 다 거짓말 안됨 꾸역꾸역 15000원 채움 개열받는 쿠팡",9.1.1,2,"","조아라"
2026-03-03,1,"개빡치네그냥",9.1.1,1,"","눈사람"
2026-03-03,1,"물건 주문한지 2주가 넘었고 물건 도착이 1주일 후여서 그것만 기다리는데 판매자가 강제취소해서 강제 환불이 되었는데 상담사한테 전화하니 법을 읊어주며 이렇게 되도 괜찮은거고 정당한 거라네요 안그래도 빡친 사람을 더 빡치게 만들어 주는 어플이네요^^",9.1.1,2,"","갱갱"
2026-03-03,5,"넘 좋아요. 근데 와우카드 다른걸로 바꾸고싶은데",,0,"","Bongjoo Lee"
2026-03-02,5,"짱~~~♡",9.1.1,0,"","김태훈"
2026-03-02,1,"1점도 아깝네",7.7.9,2,"","강아지"
2026-03-02,1,"돈은 한국에서 다벌고 미국기업이라면서 개인정보 노출, 한국 노동자 근로 착취, 협력업체 갑질에도 불구하고 로비만 열중하는 안하무인 쿠팡은 이제 공정한 처벌을 통해서 그만큼 댓가를 치러야한다.",,3,"","하얀햇살"
2026-03-02,4,"좋아요 음청 좋아요",9.1.0,0,"","정용택"
2026-03-02,1,"개인정보 누출이 왠 말일가요?",9.1.1,1,"","sang hyun Lee"
2026-03-02,3,"가격 볼때 자꾸 할인가로 보여주니까 비교가 안됨. 화나네",9.1.0,2,"","요!네"
2026-03-02,2,"왜 쿠팡 배송하시는분들은 전부집앞으로배송하시나요? 경비실체크하고 송장 이름밑에 경비실표시가있는데도불구하고 계속집앞으로보내는이유좀명확히 알려주세요, 진짜진심 이유가있으니 경비실이라고체크한거아니겠습니까?",9.0.6,0,"","C"
2026-03-02,1,"도대체 홈버튼을 왼쪽아래에 만들겠다는 생각은 누구머리에서 나온건지 모르겠는데 검색하다가 상세페이지 확대하다가 계속 홈버튼 눌려서 찾아보던거 사려던거 없어집니다. 제발 위치 수정 부탁",9.1.1,3,"","DS L"
2026-03-02,1,"아니ㅡㅡ광고 안본다고 설정했으면 그렇게 끝나야지 왜 앱 들어갈때마다 광고 수신하라고 팝업이 뜨냐고ㅡㅡ개 불편하네 진짜",9.0.5,1,"","Google 사용자"
2026-03-02,1,"비번 내가 쓰고싶은거 쓰게 좀하자. 책임은 본인이 지겠으니까.이전에 쓰던거라 안돼고 이래서 안돼고 저래서 안돼고 안돼는게 뭐 그리많나? 매번 비번바꿨다 다음 로그인때 막혀 새로 비번설정해야하고 사람기억력은 한개가있다.",9.1.1,3,"","강촌에서"
2026-03-01,1,"전국민급 정보유출 책임지는 보여라",,2,"","D.G. Sung"
2026-03-01,1,"생체인증 빼라 비번 함 틀렸다고 자동인증 체크되고 등록할려고 하는꼴 보소",9.1.1,1,"","23 1"
2026-03-01,3,"쿠팡을 자주 사용하는 이용자입니다. 상품 문의하기 터치 후 문의하려 하는데 문의 창이 안나옵니다. 개선 부탁드립니다.",9.1.1,1,"","류월향"
2026-03-01,1,"지들이 쿠폰을 쳐 줘놓고서는 배송비는 별도임",9.1.1,1,"","김현우"
2026-03-01,1,"쓰레기",8.9.9,2,"","랙갓"
2026-03-01,1,"카카오 네이버 로그인좀 넣어요 아오 콧대만 엄청높네",,0,"","ᄌᄉ"
2026-02-28,1,"중국산 가짜 버젓이 팔아주는 친절한 쿠팡. 돈이면 다 되는 쿠팡. 미국인 범석이 쿠팡. 스티붕유처럼 입국 영구 금지 시키자.",8.5.3,30,"","Oh ghffgu"
2026-02-28,1,"뭔 멤버쉽가입안하면 사지도못하게 만들어놨네 컬리로 갈아타세요",9.1.1,4,"","ms j"
2026-02-28,5,"이제 로켓 오늘배송까지 추가하고 많이하셨는데... 어쩌다 쿠팡이....",9.1.1,0,"","박준헌"
2026-02-28,3,"상세설명을 확대해서 볼수 있게 해주세요 갑자기 상세설명 확대 안되서 구매의욕이 팍 사라지네요 그리고 필수표기 정보에 제조국 표기 안된 상품들은 전부 내려 버리고 제조국 표기 안하면 상품 올리지 못하게 하세요 상세설명에도 제조국 표기 안된거 너무 믾아요 또 필터에 제조국도 선택 가능하게 해주세요 제발요",9.1.1,28,"","김민정"
2026-02-28,3,"어떤 검색어는 일렬로 보기가 없고 바둑판 보기만 있는데 한눈에 들어오지도 않고 조잡함.",9.1.1,1,"","Diamond"
2026-02-28,5,"아쉬운 부분이 없잖아 있겠지만, 솔직히 배송도 정말 빠르고 혜택 이용기간이 얼마 안 남았을 때 '쇼핑 끊어야겠다..' 싶어서 와우 회원을 해지했는데 해지할 때 돈도 다 돌려줘서 놀랐어요. 계정 정보 털렸을 땐 화가 났긴 해도 솔직히 받은 혜택같은 거랑 와우 회원 가격 생각하면 역시 쿠팡이 제일이라 끊지도 못했어요. 그리고 무엇보다 여태까지 쿠팡으로 빠르게 괜찮은 가격으로 혜택을 이용해왔으니.. 쿠팡 입장에서는 크게 보상해주기도 어려울텐데 대처도 물론 아쉽긴 하지만, 그동안 이용해온 거 생각하면 나쁘지 않다고 생각합니다. 제발 사라지지 마세요..🥰",9.1.1,17,"","Jen Rona (로나)"
2026-02-28,1,"시세조작. 개인정보유출. 나몰나라외산기업",8.8.7,4,"","김용일 (개불언니)"
2026-02-28,1,"아니 옆도시 인데 7일 걸린다해서 기다리고 그때로 준비했는데 추가로 걸린다는건 뭔 샹 심지어 싸게 올려서 말 안된다고 생각하는지 뭐 배송을해줄 생각도 없음 에초에 7일기다리라 해서 기다렷는데 기다리니까 환불 요청이다 심지어 쿠팡에서 운영하는데라 한패임 와... 7일 기다렷는데 상품도 준비가 안됨 근데 더 비싸게 사면 하루만에 배송해주고 재고도 있다고함 그냥 싸게올린거 손해니까 배송안해준다 환불이나해라 배짼다 그냥 이런다 손해니까 배째슈한다 1점 주기도 아깝다 -단위 있으면 -5점으로 올렷다 그리고 와우가입좀 작작해라 와우 가입해야 쿠폰준다하고 뭔 택배 앱에서 중국산 게임 운영이 보이냐 개인정보 유출도 말 안되는데 배송은 엉망이고 와우 유도에 돈안된다 싶으니까 배송 안해줄꺼니까 배째라 식으로 나오는게 말안됨 진짜 🐕 같은 어플이다 버그 수정해대요 업데이트에 그냥 운영이 버그고 밥말아 먹음 그냥 버그수정할 시간에 운영 재대로 하고 배송좀 제대로할 생각을 해라 그냥 사기 집단 소굴 같은",9.1.0,1,"","이동민"
2026-02-28,5,"로켓배송 짱이에요. 우리 강아지 사료가 없어서 주문하려니 토요일 주문해서 바로 받을수 있는 곳은 여기밖에 없네요. off라인은 너무 비싸고 쿠팡 짱이네요",9.0.2,1,"","고인돌22"
2026-02-28,1,"개인정보 유출 후 고객을 뭐로 보는 건지 사죄도 제대로 안하고 새벽배송 비윤리적인 듯 여러모로 맘에 들지 않는다.",,1,"","Kim jinseong"
2026-02-28,1,"탈팡했어요",9.1.1,3,"","H"
2026-02-28,1,"· ',",,0,"","이이"
2026-02-28,1,"탈퇴하려니까 업데이트를 하라고 하네 헐",9.0.0,0,"","kim k"
2026-02-28,1,"빠르게. 배달. 돼서 좋네요",9.1.0,0,"","박상문"
2026-02-28,1,"잘 사용하고 있지만 지금은 별로 대체 가능한 배달들이 많아 심히 고민중 호구들이 아닙니다",9.1.1,2,"","슈즈"
2026-02-28,1,"로그인도 안되고 인증문자도 안옴. 개인정보 처리가 걍 엉망인거 같음.",9.1.1,1,"","sang-ho lee"
2026-02-28,5,"배송이 빨아서 좋아요",9.1.0,0,"","Jihoon Lee"
2026-02-28,1,"쓸애기~~~",9.1.1,2,"","와이낫"
2026-02-28,1,"쓰레기 기업",7.7.3,3,"","ky p"
2026-02-28,1,"쓰레기 광고 그만해라",8.5.6,2,"","hj cho"
2026-02-28,1,"짝퉁에 허위광고 대다수 중국산 탈팡한다",8.6.9,4,"","stay black"
2026-02-27,1,"원래 그런가보다 미안하다ㅠ",9.1.0,1,"","옥수수"
2026-02-27,1,"쓰레기 기업.",9.0.4,3,"","이루다"
2026-02-27,1,"너무좋지만 잘못은 인정하는 회사가 되길빌면서",9.0.2,2,"","김종원"
2026-02-27,1,"같은 상품을 파는 다른 판매자의 후기가 한번에 뭉뚱그려 보이는거 문제있습니다. 바꾸세요 판매자 후기가 전혀 보이지 않는 방식입니다. 상품 후기가 따로 따로 보여야지 같은 상품 판다고 같은 판매자 아니잖아요 왜 같은 판매자마냥 뜨나요 이거 문제 있는거 아닌가요? 그리고 판매자 문의하려는데 왜 다른 판매자가 뜨냐고요 같은 상품판다고 같은데가 아니잖아요",9.0.6,2,"","김예진"
2026-02-27,1,"탈퇴는 어렵고 구매는 실수로 원터치결제유도..악덕 상술만 발전하고..보안의식. 고객마인드 지속망가지는 미국회사..한국회사면 이러진 못할듯..CEO is the origin of problem.",9.1.0,10,"","맘부자"
2026-02-27,1,"It's a passageway to open personal information.",8.3.7,1,"","윤철환"
2026-02-27,4,"배송이 빨라서",9.1.1,2,"","황인우"
2026-02-27,1,"한국에서 장사하려면 그따위로 하지마라",9.1.0,10,"","홍성호"
2026-02-27,5,"정말감사합님담욤^^사랑합님담욤",8.4.0,0,"","킴sanggyun"
2026-02-26,1,"쓰레기만 파는듯",9.1.0,4,"","D D"
2026-02-26,4,"👍👍👍👍",9.1.0,1,"","Thi lai Le"
2026-02-26,1,"27일전에 주문한 걸 계속미루다가 결국 판매자가 보내지도 않고 지멋대로 반품 이라며 취소함 언제 도착하는지 9일후 문의넣었는데 답변도 붙여넣기 답변 언제 도착하는지 문의넣어도 답변은 순차적으로 간다는 100개한정판매인데 물량부족 그러면서 또 계속 판매함 그래서 쿠팡 안함",8.4.0,2,"","이준규"
2026-02-26,1,"사기꾼 판매자가 판을치는 곳",9.1.0,3,"","이길용"
2026-02-26,1,"쿠폰 버튼 하나 잘못 눌렀다고 와우 결제 되는게 말이되냐 이딴일 격으니 테무가 쿠팡보다 더 좋게 보인다",9.1.0,1,"","Favlo"
2026-02-26,1,"와우할인 싫당",9.1.0,1,"","영민이"
2026-02-26,5,"빠른 배송",9.1.0,1,"","허남달"
2026-02-26,1,"말이 필요한가?",8.9.8,0,"","임재현"
2026-02-26,1,"업데이트되고 왜 실행이안되고 자꾸 오류가 나나요...이제 결제를 하면 안될듯... 로켓배송이라 좋았는데..점점실망...",9.1.0,1,"","최진선"
2026-02-26,1,"왜 자꾸 키지도 않는데 켜지는건지",9.1.0,0,"","Teum Yeo"
2026-02-26,1,"가짜가 너무 많다",9.1.0,2,"","김영찬"
2026-02-26,3,"먼 광고가 계속뜨냐? 납치 광고 그런건가? 짜증나서 탈퇴하고 싶어 지게 만드네?",9.1.0,1,"","Analogboy Kim"
2026-02-26,1,"쿠폰으로 광고 쳐 하지말고 알람껏으면 보내지마라 멍멍이들아",9.1.0,1,"","asdf qwer"
2026-02-26,1,"15초짜리 광고 작작쳐올리세요!!!!",9.1.0,1,"","꺽뚜"
2026-02-26,5,"찜리스트 수정된부분 마음에 들어요",9.1.0,2,"안녕하세요 고객​​님, 쿠팡입니다. 이용 중 불편하셨을 텐데, 소중한 시간 내어 개선 요청해 주신 점 감사드립니다. 찜하기 리스트 개선 필요에 대한 의견은 담당 부서로 전달하여 개선해 나갈 수 있도록 노력하겠습니다. 쿠팡 이용에 불편함이 없도록 보다 개선된 모습으로 찾아뵐 수 있도록 노력하겠으며, 추가로 전달하고 싶은 의견이 있으신 경우 언제든지 고객센터로 문의 부탁드립니다. - 365일, 24시간 운영되는 전화(1577-7011) 또는 채팅 상담 감사합니다. 쿠팡 드림","레드스노맨"
2026-02-26,5,"배송이 빨라 편리합니다",9.1.0,1,"","원서정"
2026-02-25,1,"와우 멤버십 가입 절차 좀 수정하세요;; 버튼 하나만 누르면 아무런 경고문자나 결제 알림 팝업도 없이 결제되게 만들고 해지하는 방법도 sns에서 정보를 찾아보지 않으면 하기 힘들게끔 꼭꼭 숨겨놓는게 왜 이따구로 앱 운영을 하고 있는건지 이해가 안됩니다 순간 정떨어져서 앞으로는 이용하지 않겠습니다",9.1.0,3,"","조현우"
2026-02-25,1,"믿을수있는.쿠팡",9.1.0,0,"","이대성"
2026-02-25,1,"고유통관번호 어떻게 바꿈? 왜이리 보기 어렵게 해놓음?",9.0.8,12,"","일기"
2026-02-25,1,"최근 본 상품 왜 없어졌나요? 아무리 찾아도 안보리고 고객센터에서도 없어졌다하던데 다시 부활시켜주세요",9.1.0,0,"","252"
2026-02-25,1,"배송이 개판~~ 박스던지고 그러고 감~~",8.9.8,2,"","가을이좋아"
2026-02-24,1,"망해서 안되는건가요?",9.1.0,0,"","김진"
2026-02-24,5,"예전에는 G마켓을 이용했었는데 인터넷 추천으로 아주 잘 이용하고 있습니다.",9.1.0,2,"안녕하세요 김은철 (시원한 감성비)​님, 쿠팡입니다. 이용 중 불편이 크셨을 것 같습니다. 기종 별 검색 개선 필요에 대한 의견은 담당 부서로 전달하여 개선해 나갈 수 있도록 노력하겠습니다. 쿠팡 이용에 불편함이 없도록 보다 개선된 모습으로 찾아뵐 수 있도록 노력하겠으며, 추가로 전달하고 싶은 의견이 있으신 경우 언제든지 고객센터로 문의 부탁드립니다. - 365일, 24시간 운영되는 전화(1577-7011) 또는 채팅 상담 감사합니다. 쿠팡 드림","김은철 (시원한 밤)"
2026-02-24,3,"로켓배송이왜 4일후에 올까요? 차라리 3일이내 도착보장인 네이버를 사용하는게더 좋지않을까요? 문의는왜 시키는것마다 업무를못받을까요? 하루가지나도왜 배송시작을안할까요? 이러면 쿠팡누가 사용하나요?",9.1.0,0,"","송미영"
2026-02-24,5,"앱 설치 강요",,0,"","정동화"
2026-02-24,5,"진짜 레전드 형님쿠팡 진짜 거짓말 안치고 몇달 마다 무료 쿠폰 5천원씩 주는 미쳐버린 쿠팡 별 5개 입니다 너구리 라면 무료로 먹으니까 진짜 개맛있네요 맨날쓰고 있습니다",9.1.0,1,"","안세진"
2026-02-24,1,"고객정보 다 털렸는데도 대표라는 인간 하는 꼬라지보면 다른 대체재만 생기면 바로 갈아탄다. 영원한건 없다. 고객들이 사용해줄 때 잘해라.",9.1.0,5,"","안태홍"
2026-02-24,5,"잘 부탁드립니다",9.1.0,0,"","변주환"
2026-02-24,1,"아무것도 누르지 않았는데 쿠팡앱이 계속 켜져서 휴대폰 할때마다 불편해요",9.1.0,7,"","퐁이퐁"
2026-02-24,4,"잘안됭",,0,"","안수인"
2026-02-24,1,"물건 사겠다고 해도 로켓배송 핑계대면서 물건 추가구입하라는 게 짜증나서 안 쓰고 말지",9.1.0,0,"","박찬용"
2026-02-24,1,"도대체 스크린락을 풀면 왜 자꾸 쿠팡이 뜹니까?",,0,"","M.G. Kim"
2026-02-24,1,"미국판알리익스프레스",,1,"","강윤길"
2026-02-24,1,"진짜 별0개 주고싶다.. 업데이트 잦고, 용량커지고, 잘쓰던 버튼이나 페이지 없어지고... 네모버튼 없어져서 드레그 하기 귀찮고, 보기불편해져서 이제 진짜 떠나야되나싶어 후기수정해봄 리스트뷰 그리드뷰 진짜 퇴행해서 자꾸 업데이트되니 짜증난다",9.1.0,24,"","ᄀ지니"
2026-02-24,4,"배송이 빠르고 사용하기가 좋아요.",9.1.0,2,"안녕하세요 南暻​님, 쿠팡입니다. 이용 중 불편이 크셨을 것 같습니다. 쿠팡 앱 이용 속도 개선 필요에 대한 의견은 담당 부서로 전달하여 개선해 나갈 수 있도록 노력하겠습니다. 쿠팡 이용에 불편함이 없도록 보다 개선된 모습으로 찾아뵐 수 있도록 노력하겠으며, 추가로 전달하고 싶은 의견이 있으신 경우 언제든지 고객센터로 문의 부탁드립니다. - 365일, 24시간 운영되는 전화(1577-7011) 또는 채팅 상담 감사합니다. 쿠팡 드림","김남경"
2026-02-24,5,"혜택이좋음",9.1.0,0,"","와우"
2026-02-24,1,"주문목록이 전부 왜 크게 했다가 작아져요 일정하게 크게 해주세요 빠른시일내에 복구바랍니다 노안이라서그래요",9.1.0,1,"","김현기"
2026-02-23,4,"최근본상품 보기 그것좀 제발 다시 살려주세요 너무 불편합니다ㅜㅜㅜ",9.1.0,0,"","이빛"
2026-02-23,5,"아주 오랫동안 잘 사용하고 있습니다. 다만 찜목록을 품목이나 종류별로 정리할 수 있게 폴더처럼 만들어서 찜할 수 있는 기능이 생기면 좋갰어요...ㅠㅠ",9.1.0,0,"","윤하늘"
2026-02-23,1,"이건좀 아닌거 같습니다 제 나이는 이제 중1인데 토스카드를 쓰고있는데 그 카드로는 결제가 안됀다고 써져있던데 이건 좀 아닌거 같아요 아무리 그래도 그냥 먹을거 사는건데 이렇게 화가 나는적은 처음이네요 진짜..",9.1.0,1,"","김민율"
2026-02-23,5,"쿠팡 쿠폰이 너무 짭잘하네요👍👍",9.1.0,0,"","박경민"
2026-02-23,1,"이미탈퇴한지 좀 됬는데 아직도 돈을 빼가네요 양아치들이네 신고하겠습니다",9.1.0,2,"","나샛별"
2026-02-23,5,"아니 간혹 '쿠팡 중국산 쓰레기'이런 사람들이많은데 아닌거 같아요 물론 그사람들의 생각도있겠지만 전 아닌거 같아요 이제 그럿게 안해주심해요,,",9.1.0,2,"","이순헌"
2026-02-23,2,"왜 일시적으로 사용자가 증가하여 서비스 접촉이 원활하지 않습니다 가 뜨는거죠",9.1.0,0,"","로켓돌이"
2026-02-23,3,"지금 계속 인터넷 연결이 안되었다면서 어플 작동이 안됩니다",9.1.0,0,"","Amor"
2026-02-23,5,"좋아요!",9.1.0,0,"","펜카"
2026-02-23,3,"찜한상품 일시품절시 목록에서 왜 사라지게 업데이트된건가요 최소한 보이게는 해놔야 하는거 아닌가 싶습니다.",9.0.8,2,"","리키에너스"
2026-02-22,3,"쿠팡 서비스와는 반대로 금번 정보누출과 직원정책은 반대요",,0,"","Ec Joo"
2026-02-22,1,"나만 안열이는건가요? 앱이 안열려요 계속 네트워크 문제라고뜨고",9.1.0,0,"","이진수"
2026-02-22,2,"화면을 킬 때 가끔씩 쿠팡이 자동으로 켜지네요. 바빠 죽겠는데 이러면 짜증나네. 이것 때문에 별점 깎습니다.",9.1.0,6,"","gggoup"
2026-02-22,1,"다신 안삼",9.1.0,1,"","star Polar"
2026-02-22,1,"리뷰 이거 체험단 리뷰만 상단에 보여지는거임? 최신순으로해도 별 다섯개 짜리만 나오고 내가 단 리뷰는 안나오네? 리뷰 볼려고 하면 분명히 리뷰가 많은데 몇개밖에 안보여주고 죄다 체험단 리뷰야 그리고 요즘 쿠팡인지 테무인지 중국산 제품들이 왜이렇게 많음??? 테무에 있는 제품들 똑같이 그대로 올라와 있고 물건 사서 받아보면 제품박스나 설명서에 중국어만 써있고",9.1.0,8,"안녕하세요 고객님, 쿠팡입니다. 다른 고객님들께 유용한 정보를 드리고자 소중한 시간 내어 상품평을 작성해 주셨음에도 불구하고, 상품평이 확인되지 않아 매우 당황스러우셨을 것 같습니다. 상품평 확인 불가에 대한 정확한 확인이 어려워, 즉시 답변 드리지 못하는 점 너그러운 양해를 부탁드리며, 번거로우시겠지만 고객센터로 문의해 주시면 담당 부서 확인 후 신속하게 안내해 드리도록 하겠습니다. - 365일, 24시간 운영되는 전화(1577-7011) 또는 채팅 상담 고객님께서 저희 서비스를 이용함에 있어 불편함이 없도록 최선을 다하는 쿠팡이 되겠습니다. 감사합니다. 쿠팡 드림","현(쌀로뻥)"
2026-02-22,5,"좋은점이 많아서",9.1.0,0,"","김용"
2026-02-21,5,"상담도 친절하고 배송도 안전하고 좋아요♡♡",9.0.1,0,"","김현철"
2026-02-21,3,"최근 본 상품 목록이 사라져서 불편해요. 옛날엔 있었던 걸로 기억하는데 왜 없어졌나요? 며칠 전에 봤던 상품을 사고 싶은데 기록이 없어져서 살 수가 없어서 답답해요.",6.9.6,9,"","가나다라마바사"
2026-02-21,1,"앱을 쓰면 쓸 수록 단점들만 보이는 게 정상적인가요 여럿 사람들 똑같은 혹은 거의 비슷한 혹평들이 대부분인데 개선할 의지는 하나도 안 보이고 인터넷 쇼핑 앱이면 좀 그에 답게 운영을 하세요 돈만 보지 마시고들.. 검수를 하는 건지 마는 건지 판매자들 제대로 거르지도 못 하고 하다 하다 회원 아니면 사지도 못 하게 하는 앱은 처음 봅니다 ㅋㅋㅋ",9.1.0,44,"","ᄋᄋ"
2026-02-21,1,"실수로 이메일을 바꾸는 바람에 물건을 구매 못하고 있습니다 해결책은 어떤게 있나요. 회원정보 들어가서 이메일 수정 하려고해도 인증 메일을 못받고 허탕만 치고 회원탈퇴해려고 해도 비밀번호를 모르고 .탈퇴해서 새로 회원등록 하려고 합니다. 어떻게 해야 하나요?",9.0.6,1,"안녕하세요 고객님, 쿠팡입니다. 빠른 쿠팡 서비스 이용을 원하셨을 텐데, 불편 겪으신 점 매우 속상하셨을 것 같습니다. 번거로우시겠지만, 본인 확인 후 찾기 또는 등록된 휴대폰 번호로 아이디(이메일)/비밀번호 찾기를 통해 계정 확인 후 재시도 부탁드리며, 인증이 어려우신 경우 고객센터로 문의 부탁드립니다. - 365일, 24시간 운영되는 전화(1577-7011) 또는 채팅 상담본인 인증을 여러 차례 시도할 경우 정보 보호를 위해 밤 12시 전까지 로그인이 제한되어 다음 날 0시부터 재시도 가능한 점 참고 부탁드립니다. 서비스 이용에 불편함이 없도록 최선을 다하겠습니다. 감사합니다. 쿠팡 드림","양승철"
2026-02-21,1,"'새벽 7시 전 반품 수거 예정' 이라더니 7시 넘어서 문앞에 내 놓으라고 알림이 오면서 '오늘 수거 예정'으로 바뀌었네요. 수거 예정 시간 안 맞출꺼면 애초에 7시 전 수거 한다는 문구를 안 보여주는게 나을것 같네요... 그리고 프레시백에 준다고 해서 주문하면 항상 박스에 담겨져 있어요. 그리고 노티피케이션 광고에 이전에 구매했던 상품이 90% 할인되었다고 뜨는데 막상보면 구매한적도 없는 제품이 떠요. 문구를 관심상품 등으로 바꾸던가 해야될 것 같아요. 그리고 새벽배송+사이즈 옵션을 선택하면 그 사이즈가 새벽배송인게 교집합으로 나와야 하는데 그게 아니라 새벽배송인 다른 옵션이 있는 상품과 그 사이즈 옵션이 있는 상품이 합집합 나와서 불편해요",9.1.0,38,"","김민구"
2026-02-21,5,"좋아요",8.9.3,0,"","eunyeong no"
2026-02-21,5,"손정한♡김태형 급으로 재밌네요",9.1.0,0,"","통수"
2026-02-20,4,"쿠팡캐시 적립 내역 보고싶은데 자꾸 로그인 후 이용할 수 있다고 뜨네요. 한창 개인정보유출사건 있을때부터 해당 오류 확인했는데 수정좀 해주세요",9.1.0,0,"","서윤정"
2026-02-20,1,"광고 제일 짜증난다 바로 삭제되지않고 두개이상 넘어가니 개ㅆㄹㄱ 켁 퉤 적당히해라 아예 없어져라",9.1.0,7,"","김동식"
2026-02-20,1,"쿠팡. 안. 좋다.",,7,"","유송연"
2026-02-20,3,"과도한 광고 노출과 정보 유출 방지 미흡으로 인해 본 서비스를 추천하기 어렵습니다.",8.3.9,5,"","むらさき"
2026-02-20,1,"어미 가 없나봐 와우가입하면 쿠폰준다했는데 2주도 안되서 회수해감 ㅋㅋ 미쳤음 그냥 사실 준적이 있는지 조차 모르겠음",9.1.0,4,"","박휘준"
2026-02-20,1,"쿠폰 줄거면 제대로 주던가 5천원임 뭐임ㄹㅇ",9.1.0,6,"","노을"
2026-02-19,5,"미우나고우나 대체불가 쿠팡배송",9.1.0,2,"","이원석 (Wade ⸝ဗီူ⸜)"
2026-02-19,1,"쿠팡 배송 할때 문앞에 던지고 누가 반품 시킨거 자주옴 ㅡㅡ",,5,"","지피지기"
2026-02-19,1,"ㅋㅋㅋㅋ 샤프 샀는데 촉이 휘어서 오네요 촉이야 다시 눌러서 쓰면되는데 찜찜하고 그냥 기분 더럽네요 쓰지마세요~",9.1.0,3,"","나천재"
2026-02-18,4,"편함",9.1.0,0,"","디토르"
2026-02-18,1,"국내산 사고 싶어서 검색하면 외국산이 뜹니다 알고리즘 상세표기 분류좀 해주세요",,4,"","kasee ka"
2026-02-18,4,"개인정보는 넘어갔는데..그래도 잘씁니다 ㅎㅎ",8.3.1,0,"","최선화"
2026-02-18,1,"쿠팡 노예가 되네 나도 모르게 한 달 사용 안 했는데 이렇게 불편할 줄이라.",9.1.0,1,"","MH"
2026-02-18,1,"지들이 주소 틀려놓고 주소 올바르게 입력한 이용자 탓 이사해놓고 이사한 주소로 보내달라 했냐 아니면 물품 먹튀를 했냐 아주 그냥 기업이 일반 직원들과 이용자들에게 덤탱이는 잘 씌워",9.1.0,4,"","Sea Chan Hwang (rescuer21)"
2026-02-18,5,"편하기는한데 정보유출이 자주일어나니안심하기가 어려워요",9.1.0,1,"","박진상"
2026-02-18,1,"사기꾼 업체",,4,"","주부현"
2026-02-18,1,"역겨운 퇴출 1순위 기업",9.0.8,5,"","러시섀도우"
2026-02-18,5,"0원 할인 할때 있어요",9.1.0,0,"","최서영"
2026-02-17,5,"이만원이개밣 했다",9.1.0,0,"","최윤정"
2026-02-17,1,"개인정보 유출앱",9.0.3,5,"","Gihwan Shin"
2026-02-17,5,"대체 불가 영역",9.1.0,1,"","Lsm"
2026-02-17,1,"개인정보 유출",7.8.4,4,"","박윤화"
2026-02-17,1,"모바일 로그인 안되네요 데이더 요청 실패했습니다만 뜹니다 pc 로그인은 잘 됩니다",9.1.0,1,"","월태"
2026-02-17,1,"와우멤버쉽 연장 취소했는데 또 유도한 건지 와우멤버쉽 연장되어있네요 ㅡ.ㅡ 취소버튼도 기존하고 또 다르게 바꾸어놓고요... 정말 마음에 안드는 회사네요",9.1.0,4,"","Seungwon Ju"
2026-02-17,5,"응원합니다 쿠팡",8.0.3,0,"","리릉빈"
2026-02-17,1,"한번 클릭으로 결제는 선넘은거 아닌가 싶다. 하긴 다른 쪽으로도 선을 많이 넘긴 회사라 그러려니 한다. 참 양심없다.",9.1.0,4,"","Sev En"
2026-02-17,1,"개인 정보 유출 극혐",9.1.0,6,"","은지호"
2026-02-16,1,"5년전에 탈퇴했었는데? 그때정보가 삭제안하고 정보 퍼다가 딴데다 나른거 어이없네 ? 이정도 문제면 고민을 해봐야겠네",8.0.2,3,"","chaeneol Holic"
2026-02-16,2,"왜 쿠팡 기본카드지정이 없어진건가요? 늘쓰는 카드가있고 가끔 다른 카드를 쓰는데 자주쓰는카드등록 사라지고 마지막 결제카드만 남아 원하지않던 카드로 결제하게되는일이 발생합니다.",9.1.0,1,"","지현"
2026-02-16,1,"로그아웃을 도대체 어디다가 쳐박아놨어?",9.1.0,7,"","Joon-h L"
2026-02-16,1,"한국사람이면 쿠팡쓰지 맙시다",9.1.0,7,"","김희원"
2026-02-15,1,"광고 알림 해제를 몇번을 누르는데도 왜 계속 지멋대로 푸쉬알림 쳐넣는건지 이해가 안가네",9.0.9,3,"","전형진"
2026-02-15,5,"쿠팡개인정보 우액그래도 조아요",9.1.0,0,"","Google 사용자"
2026-02-15,1,"극혐",,4,"","_르아흐"
2026-02-15,1,"와우 혜택을 적용중인데 배달 무조건 무료라면서 왜 3000원이나 내야되는지 모르겠네요..... 이것좀 고쳐주시면 감사하겠습니다.",9.0.9,1,"","임성빈"
2026-02-15,1,"아니 냉동식품 잘못 와가지고 냉동실에 억지로 며칠 보관하다가 택배기사 오는 시간에 맞춰 재포장 부탁한다길래 피곤하게 반품했는데 만원 쿠폰 기간 지났다고 안 돌려주네 장난하나 뭔 판매자가 잘못 보내고 늦장 대응해서 기간 지난 걸 구매자 피해로 넘기지 물건 값도 비싼 앱인데 서비스까지 이러냐.. 상담사는 또 아무리 늦어도 내일 답변준다더니 자연스럽게 일주일 연장에 ㅋㅋ 진짜 어이가 없음 괜히 실드치고 다녔네 어휴",8.1.5,3,"","나리"
2026-02-15,1,"광고 좀 적당히해라",9.0.9,1,"","익명"
2026-02-15,1,"별로입니다..우리한테돈벌고 미국이 이득보고..",9.1.0,6,"","이수정"
2026-02-14,1,"개인정보 털림. 맨날 어플 업뎃은 하는데 털림. 업뎃이 거의 일주일에 4회는 하는거같은데 털림",9.0.9,5,"","우갸갸"
2026-02-14,3,"구매이용권 다운받으니까 모든 물건의 가격을 구매이용권 적용 가격으로 보여줘서 제대로 된 쇼핑을 할 수가 없잖아요. 모든 물건 다 5천원 할인 해줄 거 아니면 사기 아닌가요? 그리고 최근 본 상품은 왜 없앴나요? 쿠팡에 대한 호불호를 떠나서 앱은 좀 구리네요",9.1.0,4,"","Fan of Peony"
2026-02-14,1,"유출 보상쿠폰 받기를 한적이 없는데 결제하려다 보니 자동적용으로 쿠폰이 들어와있네요? 저는 보상안에 찬성안하기 때문에 안쓸건데 콜센터에서는 원복불가라 하고. 다른광고 배너같은데서 눌리면서 쿠팡메인에 진입해 맨위에 있는 5천원 쿠폰 받기까지 한방에 눌린것 같은 의심이 드는데요? 이미 받아진거야 어쩔수 없다치고, 최종 쿠폰 다운로드시 받을거냐 컨펌 기능 넣어주세요. 실수로 안받아지게. 저처럼 우연히 쿠폰받아버리고 자동적용이라 쓰신 분도 제법 있을듯요. 별거로다 기분나쁘게 하네요.",9.1.0,12,"","unYounG_Yeo (희망지기)"
2026-02-14,1,"아니 개인정보유출로 쿠폰을 줬으면 쓸수 있게 만들어놔야지 왜 구독 안 하면 암것도 못쓰게 만들죠? 회원가입하고 개정을 만들었는데 똑같이 개정유출된거잖아 14000원 제한 풀어라 그니까 민심 나락가지ㅉ",9.0.9,0,"","SW K"
2026-02-14,1,"1점도 아까움 물건 배송은 쿠팡이 잘못하고 번거로움은 고객보고 떠안으라고 함",,1,"","박영철"
2026-02-13,5,"사랑해요.루니",9.0.9,0,"","양동표"
2026-02-13,1,"돈 주고 구매한 영화도 제대로 재생 안 되는건 너무 하다고 생각하시지 않나요?",9.0.0,0,"","오형종"
2026-02-13,1,"개인정보 유출",,1,"","Igddhj Zuitsd"
2026-02-13,5,"해외에서 접속이 안되게 되어있나요? 사용자가 많아서 접속이 안된다고 몇일째 그러네요",9.1.0,1,"","Mmm"
2026-02-13,5,"상품배달이빠르고 반품도 잘되고 좋아요~",9.1.0,2,"","공영심"
2026-02-13,1,"결제수단 기본으로 선호하는거 선택해두고 가끔 카드할인이나 다른 이유로 가끔 다른카드 쓰고싶은데 가장 마지막 결제한 수단으로 자동으로 바뀌는게 참 쓰레기같네요. 멤버십 결제는 결제수단 선택도 아니고 그냥 결제가능한 뭔가가 있으면 지맘대로 다 선택해서 바로 결제박아버리던데",9.1.0,37,"","이지현"
2026-02-13,3,"불만사항은 답없음",9.0.9,2,"","김다운"
2026-02-13,1,"한국은 호구로 보는 기업",9.0.9,3,"","Wonpyo Yang"
2026-02-13,1,"진짜 당췌 이해가 안되네~ 보다 보면 버튼을 잘못눌러서 보던 페이지를 벗어날때가 있어서 '방금 본 상품 보기' 메뉴를 진짜 편리하게 잘 사용하고 있었는데 갑자기 사라졌네?? 대체 왜??? 찜목록에 검색기능 좀 넣어달라니까 아무 변화도 없더만 편하게 쓰던 메뉴까지 왜 없애버린거지??? 안그래도 물건 주문하고 하염없이 기다리다 한달반만에 일방적으로 주문취소 메시지받고 열받아서 항의해도 아무 책임 안져서 개빡치는데!! 개인정보 유출된것도 개빡치는데!! 잘 쓰던 메뉴까지 없애버려?? 아주 제발 쿠팡 쓰지말아달라고 고사를 지내네!!! 예~ 안써드릴께요~~!!! 아.. 지금 보니 구매한 제품 옵션정보도 없애버렸네? 얼마전에 산 바지 사이즈가 얼마였더라 확인할랬더니 옵션정보가 없네? 전엔 분명 내가 산 제품 사이즈나 색상같은 정보가 나왔는데 이제 아예 없네? 참 대단한 업데이트네~ 진짜 놀랍다 놀라워~ 어쩜 이렇게 업데이트 할수록 점점 불편해지게 만들수 있을까? 와우~~!!! 굿굿굿~!!!",9.0.9,162,"","이름"
2026-02-12,1,"보상이라면서 쿠폰사용을 강요하는 양아치 회사",9.0.9,3,"","tornado"
2026-02-12,1,"개인정보 털리는건 못 막지만 2만원 이하 구매는 잘 막네",9.0.9,1,"","김현기"
2026-02-12,1,"피해 보상을 그따위 쿠폰으로 퉁칠려고하네 ㅋㅋ 치졸하다 치졸해 5천원 쿠폰ㅋㅋㅋ 누굴 거지로 아나",8.0.2,1,"","최원희"
2026-02-12,1,"내 개인정보 털렸어요",8.7.1,3,"","최대한"
2026-02-12,1,"장난하냐 이제 멤버쉽가입안하면 구매도 못하냐?????",9.0.9,0,"","김복실"
2026-02-12,4,"물품을 빠르게잘보내주고 다양한 상품들이 많아 선택 하기좋아요 ~",9.0.9,1,"","지태임"
2026-02-12,1,"각종 웹과 앱에서의 광고 너무 불편하고 역겨움. 유저가 살짝만 화면 슬라이드해도 마치 클릭한 것처럼 처리하고, 앱 광고에서도 클릭을 낚시하듯 유도함.(X표시가 누르기 어렵거나 갑자기 화면이 바뀌는 등등) 하는 짓이 딱 쿠팡스러움.",,3,"","김태희"
2026-02-12,1,"쿠팡 관련 다큐보고 비위 상해서 탈퇴 후 삭제합니다. 정상적으로 장사하세요.",9.0.9,4,"","젤피"
2026-02-12,1,"최악임..",8.3.4,4,"","박창기"
2026-02-12,2,"표시제 정보이용 표면상에 지도상면 촬거된 한국어를 채택되어 알아보기.",9.0.4,0,"","MinGoo Kang"
2026-02-11,1,"쿠팡 사용하지 마세요. 경험1. 로켓으로 사도 30일 딱 쓰고 문제생기면 쿠팡은 나몰라라 합니다. 경험2. AS접수를 했으나 제조사랑 쿠팡간에 서로 책임 떠넘기기를 통해 시간끌기를 합니다. 경험3. 고객센터 문의해도 상담이나 문의중 나온 내용 파악이 안되고 책임감도 없어서 답답해 죽습니다.",,1,"","ID현군"
2026-02-11,1,"매국기업",7.7.2,4,"","갑오징어"
2026-02-11,5,"빠르고 편해요",8.8.2,0,"","rtyuio"
2026-02-11,1,"아니 일단 개인정보 유출 사례에 확 호감 떨어졌고 쿠팡이 수습하려는 멘트가 마음에 안 듭니다 최악이에요",9.0.9,5,"","김지윤"
2026-02-11,1,"나가라",,0,"","이승민"
2026-02-11,2,"해외배송표시도 없이 판매자가 자기 통관번호로 직접 해외배송받아서 보내주는 경우가 많아진듯 로켓아니면 느려터지고 회수도 오래걸리니까 환불도 오래걸리고;",9.0.9,0,"","C HS"
2026-02-11,5,"로그인하라하고, 썩었내요",9.0.9,0,"","한주원"
2026-02-11,1,"ㅆ레기기업",9.0.9,6,"","류민수"
2026-02-11,1,"별 하나도 아까움..",9.0.6,7,"","JH K"
2026-02-11,5,"알리페이한테 개인정보 4천만개 그냥 넘긴 카카오와 다르게 '유출'된 건데 유출한 사람을 욕해야지 어캐 유출 당한 피해자를 욕하겠음? 보상도 빵빵해서 너무 좋음!!",9.0.9,2,"","박천웅"
2026-02-11,1,"UI 좀 직관적으로 만들어야 됨. 자꾸 정보 유출되는 건 둘째치고 로그아웃이나 회원탈퇴 등은 꼭꼭 숨겨놔서 사용자 경험을 꼭 불편하게 만듬. 알면서도 이러는 것 같긴 함",9.0.9,2,"","소홍단감자"
2026-02-10,1,"화면 키고 잠금화면 풀면 자동으로 열릴 때가 있음. 그리고 다른 쪽에서 광고로 들어오고 바로 끄면 안뜨길 원하는데 뜸 이 둘 해결안하면 조만간 앱 중지 시킬거 같다.",,0,"","Ef파트"
2026-02-10,1,"탈팡",9.0.9,5,"","sechan kim"
2026-02-10,1,"앱실행만 하면 x같은 광고 자꾸뜨고 거부눌러도 또뜨네 xx 적당히좀 해라",9.0.9,10,"","rewrewdsa rewrsffdsf"
2026-02-10,1,"탈팡했습니다.",8.2.3,5,"","Hiccup"
2026-02-10,1,"광고를 어떻게든 표시하려고 거부하면 앱에 들어갈때 마다 강제로 팝업창을 띄움",9.0.9,2,"","DH LEE"
2026-02-10,1,"심각하다....이걸 왜 와우를 결제해서 써주고 있습니까들...",,2,"","타요바요"
2026-02-10,2,"상품 환불을 찾는데에 불편함이 있네요. 인터페이스상 번잡하고 글자 크기도 작고..",9.0.9,43,"","오금철"
2026-02-10,1,"뭔 이젠 결제도 내맘대로 못함 19000원인가 채워야 배송가능하다느니 이상한소리만함 걍 지운다 개인정보 다털렸을때부터 지웠어야되는데 진짜 하",,2,"","곽두팔"
2026-02-10,1,"최근 본 상품!!!!!!!!!!!!!!!!!!!!!!!!!!!! 부활 시켜주세요!!!!!!!!!!!!",9.0.8,2,"","크아아악"
2026-02-10,5,"서비스가 좋아요",9.0.9,0,"","허쉬초콜릿쿠키"
2026-02-10,3,"좋아요 잘 쓰고 있습니다",9.0.9,0,"","김홍진"
2026-02-10,1,"멤버십결제유도창 그만뜨게좀요 7일간 보이지않기선택해도 장바구니 담을때마다 결제창떠서 불편하고 짜증나서 앱지우고싶어짐",9.0.9,3,"","손운종"
2026-02-10,1,"귀찮게 왜 로그인 되어있는 계정의 비밀번호를 또 물어봄?",9.0.9,1,"","SM P"
2026-02-10,1,"광고가많아짐. 강제로 팝업창뜨게하는게 생겼는데 개인정보 유출하고도 정신못차린거죠?",9.0.6,5,"","ᄃᄒᄉ"
2026-02-09,1,"드디어 10년만에 새벽배송 풀리네요 굿 집앞 이마트 등 바로 배송 쿠팡아 잘가라 자영업자 등쳐먹고 배달라이더 등쳐먹고 택배기사도 등쳐먹고 자국민 피빨아 먹던 쿠팡 국내 기업 새벽배송 적극 지지 합니다",9.0.8,13,"","마루"
2026-02-09,2,"화면 회전이 안되고 고정 돼 있는거 어떻게 안되나?",9.0.9,0,"","뭐냐"
2026-02-09,1,"말로만 죄송하다 하지 마시고 쿠폰 뿌려주세요 +쿠폰 줄거면 제대로 주지 여행 안하는 사람들은 뭐 어쩌라고요 쿠폰 이따구로 줄거면 이따구로 하지말고 걍 무시하고 방관하지 이딴걸 피해보상이라고 주는건 진짜",9.0.9,3,"","장시윤"
2026-02-09,1,"like 이완드래곤이 운용하는 회사 안써야하는데 ㅜ쉽지가않네",9.0.9,2,"","하Lia"
2026-02-09,1,"쿠팡놈들 일 제대로 안함",9.0.9,1,"","게르만민족"
2026-02-09,5,"편하고 좋습니다",9.0.9,1,"","이지은"
2026-02-09,5,"저 진짜 쿠팡 없이는 못 사는데 개인 정보 유출 때문에 걱정이 큽니다....ㅠㅠ",9.0.9,3,"","Bong Shocola"
2026-02-09,4,"좋아요.",9.0.9,0,"","HEE SOO AHN"
2026-02-09,1,"쓰레기 같은 앱입니다.",8.6.4,2,"","이건문"
2026-02-08,2,"쿠팡체험단에ㅜ안들어가짐",9.0.9,0,"","김승애"
2026-02-08,4,"제품의 정보가 상세하지 않은듯",9.0.0,0,"","이창우"
2026-02-08,1,"로비 실화냐? 점점 더 마음에 안들어",9.0.9,2,"","화이즈"
2026-02-08,2,"이제 쿠팡은 사용하지 않는게 좋지 않을까요?? 물론 배달도 빠르고,무료라는 점이 좋긴 하지만 요즘 뉴스를 보면 쿠팡에 대한 안 좋은 얘기들이 많아서 주문하기가 꺼림칙하네요...;; 여러분들은 어떻게 생각하시나요?",9.0.9,2,"","안수빈"
2026-02-08,3,"앱 자체는 좋은데 배송을 못 시켜요 제가 만 13세인데 나이제한 때문에 배송을 못 시킵니다.. 나이제한 기준을 좀 낮춰 주시면 안 될까요 부탁드립니다.",9.0.9,0,"","박예린"
2026-02-08,1,"motherless company",,0,"","Fabianous Im"
2026-02-08,4,"좋네요.",9.0.9,0,"","양진실"
2026-02-08,5,"이거 처음 다운로드한 잼민인데 예쁜 물건 진짜 많아요",9.0.9,1,"","조재은"
2026-02-07,1,"쿠팡업뎃미쳐가노?? 업뎃 왜자꾸 이상하게 변하나요 장바구니 상품 금액도 안뜨고;;; 주문내역에서 본인이 어떤 옵션을 샀는지 상세내역을 눌러야만 보이고...혹시 업뎃 하시는분 중국분인가요 쿠팡이 갈수록 이상하고 지저분해지네요;;쿠팡체험단게시판은 리뷰라인에서 왜 또 빠진건지...진짜 쿠팡 삭제하고 싶은심정이네요",9.0.9,18,"","BELLA_QUEEN"
2026-02-07,1,"상품 구매할 때 로켓프레시로 이용하기 버튼말고 구매하기 버튼은 왜 없냐?ㅋㅋ 진짜 악성기업 고아집단이네",9.0.7,1,"","봉진"
2026-02-07,5,"👍👍👍👍👍👍👍👍👍좋아용 호",8.9.4,2,"","최종민"
2026-02-07,1,"개인정보 유출",,4,"","YG Y"
2026-02-07,1,"와...와우;;;;;",9.0.8,1,"","몰라"
2026-02-07,1,"탈퇴가 안됨 얼마전부터 앱켤때마다 광고수신동의하라는 창 떠서 못참겠어서 탈퇴하려니까 네트워크연결이 원할하지않다면서 불가능",9.0.9,2,"","* PYURI"
2026-02-07,5,"쿠팡 파이팅!!",,3,"","ᄏᄏᄏ"
2026-02-07,5,"재밌어요",9.0.8,0,"","김은우"
2026-02-07,1,"쿠팡 업그레이드 된 이유로 진짜 별로에요",9.0.9,1,"","김현자"
2026-02-07,1,"리뷰 진짜 살면서 처음 써보는데요 저 쿠팡 개인정보 털려서 쿠폰 받았거든요? 일단 쿠폰 주길래 그래도 그냥 넘어가지 뭐 하면서 기분 좋게 쓰려고했는데요 하 저 쿠폰 쓴 적 없어요 구매하려다 튕겨서 다시 들어왔는데 제 쿠폰이 왜 이미 사용되어있다는거죠?",9.0.9,3,"","이서희"
2026-02-07,5,"쿠팡 매우 만족합니다.",8.9.2,2,"","전병진"
2026-02-07,1,"해킹 당해서 불호",8.6.8,2,"","진현서"
2026-02-07,1,"지운다 세금도 안내는 놈들인줄 알았으면 가입도 안했다",9.0.8,4,"","금영선"
2026-02-07,1,"판매자로켓 중국업체 너무 많다 물품이 사기. 알리,테무랑 차이없네요",9.0.9,1,"","hyuck mo kim (모야)"
2026-02-06,1,"최악 개인정보 다 털리고 시건 축소하기 급급한 졸렬한 기업.",,4,"","오연수"
2026-02-06,1,"지들이 잘못해놓고 미국가서 징징대는 꼴 보고 바로 탈퇴합니다",7.7.3,3,"","seon _"
2026-02-06,1,"폴드 사용자입니다 기존에는 분할화면이었는데 업데이트 하고나니 분할이 안되고 있습니다 이유가 있을까요",9.0.9,1,"","김용민"
2026-02-06,1,"정말 이건 아닌듯 싶습니다. 개인정보 유출, 유출 피해자 축소 발표. 그 와중에 피해 보상도 쿠폰으로 분할해서 주는 현명함까지. 더는 못 쓰겠습니다 진짜",8.4.3,3,"","Çàť 1"
2026-02-06,1,"그동안 너무 관심이 없었네요 오늘부로 탈퇴합니다",,3,"","GoGo jung"
2026-02-06,3,"앱은 좋은데 갑자기 뭔 2만원 이상만 바로구매가 가능한 구매제한이 생겼네요;;",9.0.8,0,"","Google 사용자"
2026-02-06,3,"식자재같은것들 경기도에서 주문하면 새벽배송(7시전)이 됬지만 강원도에서 시키면 새벽배송이 안될뿐더러 임시품절 상품들이 많습니다 강원도 에서도 새벽배송과 원활한 식자재 공급이 되었으면 좋겠습니다",9.0.9,0,"","정요한"
2026-02-06,1,"최악이다",,4,"","Huynsu Lee"
2026-02-06,5,"사용불가 안되는이유모름",9.0.9,0,"","전정애"
2026-02-06,3,"사계절,여름,겨울 또는 무자극 상하세트 그리고 특히 겨울에 극세사,기모,모달등 피부자극없는 봉질기술, 국내,국제 여러안전인증(환경) 상세히 명확하게 나오면 좋겠습니다",9.0.9,2,"","박세정"
2026-02-06,1,"1.쿠팡의 무료반품을 악용하는것 같음(ex 새물건 시켰는데 수차례 반품상품 보냄. 티 안나는줄 아나요?) 요즘 유튜브나 틱톡의 광고와 연결된 저가 중국상품이 판을 치고있어서 처음 편리함의 애용 가치하락중. 2.쿠팡, 알리, 태무, 모두 같은 급으로 전락했음. 3.안오던 악성문자 마구 터지는걸 보니 정보누출 의심됨. 별 한개도 아까울 지경임.",9.0.7,0,"","차수연 (명해)"
2026-02-06,1,"최악입니다 이거 설치해놓으면 각종 인터넷 페이지에서 납치광고 당해서 진짜 화나서 몸에서 사리나올수 있음 지워놓으면 폰 인터넷 사용환경 2배이상 쾌적해짐. 납치광고 진짜 금지 안하나",,1,"","이건하"
2026-02-06,2,"이전 버전으로 리룰백해주세요 가전 뷰티 책 생활용품.....기능있을때가 편했어요 안되겠어요????",9.0.8,0,"","윤준성"
2026-02-06,1,"좋아요호옹",9.0.8,0,"","Byeongcheol Choe"
2026-02-06,1,"진짜 살다살다 이런 기업은 첨 본다.",9.0.9,18,"","H H"
2026-02-06,1,"광고겁나많고 한국소비자 우롱하는업체라 탈퇴함",7.6.4,6,"","yoons"
2026-02-05,1,"들어갈때마다 광고 알림받으라고 팝업을 계속띄우냐 진짜 안한다고 체크해도 할때마다계속",9.0.9,4,"","문연지"
2026-02-05,1,"친절",9.0.8,1,"","Jeremiah Lee"
2026-02-05,1,"솔직히 쿠폰5만원 준다해놓고 쓸수있는건 5천원쿠폰 쓸때도없는 4만원쿠폰은 애주는지?이해도 안가네 이번 쿠팡 대응하는거보고 좀 마니 짜증도 나고 욕도적고싶지만 별점은 1개도 아깝다",9.0.8,3,"","박권일"
2026-02-05,1,"별로임",9.0.8,3,"","kang jin lee"
2026-02-05,1,"쿠팡 개인정보 털려서 뭐 보상해주는게 상품권인거도 어이가없는데 쿠팡 상품권도 아니고 쿠팡이츠 상품권을 주네",9.0.3,5,"","박시영"
2026-02-05,1,"이것들 또 유출 됬네? 아니, 보안이 왜이렇게 허술해??? 지금 전국민 상대로 뭐하는 짓이야??? 돈만 벌면 다야? 보상만 주면 다야? 보상도 보안도 배송받는 기분이라 기분 개더럽다.",9.0.8,21,"","귀살대원"
2026-02-05,1,"제품이 비쌈",,1,"","평꾸서윤 (평꾸서윤)"
2026-02-05,1,"사실 제품을 많이 구매를 했는데 할때마다 제품질이 편차가 있고 유출사건이후로 대응이 별로라서 떠나게 되었습니다.",8.0.5,2,"","ᄒᄒᄒ"
2026-02-05,1,"가품도 팔고 최저가 보장도 아니고 리뷰는 죄다 AI에 팝업 뜨는 것도 짜증남 지들이 사행성 사이트인줄 앎",8.7.6,3,"","Bam Dan"
2026-02-04,1,"쓰레기",8.3.3,7,"","두근두근"
2026-02-04,5,"쿠팡이 최고다",9.0.8,2,"","박류한"
2026-02-04,5,"쿠팡힘내라",9.0.4,3,"","강아G"
2026-02-04,1,"갈수록 편의성은 개나줘버리는 업데이트",9.0.8,7,"","dadoa dodu"
2026-02-04,1,"알림 푸시설정 껐으면 좀 그대로 둬라 니네가뭔데 자꾸 푸시를 니네맘대로 켜냐 하여튼 쿠팡스럽네",9.0.0,5,"","BAK BBing"
2026-02-04,1,"...진짜 애반데",,5,"","전현준"
2026-02-04,1,"쿠팡 삭제함 나만 쿠폰 안줌",9.0.8,4,"","권민재"
2026-02-04,1,"배송을 맡겼는데 배송사진 찍어서 보낸거에 주문한 상품이 없고 택배를 주문할때마다 상세주소에 지정한 장소에 택배가 안오는게 한 두번이 아닙니다 대체 뭐하자는건지 모르겠네요",9.0.8,3,"","용준"
2026-02-04,1,"한국 기업인 척 소비자를 기만한 기업",,12,"","윤은경"
2026-02-04,1,"탈팡 굿",,11,"","Donghyeon Kim (우직한 고슴도치)"
2026-02-04,1,"갑자기 왜 권한을 줘야 앱에 들어가는거죠? 멀쩡히 쓰고 있는데 오늘 갑자기? 권한을 왜 내주소록을?? 탈퇴가 답인가?",9.0.8,4,"","이자경"
2026-02-04,5,"언제든지 필요한 물건을 갖다 주셔서 고맙고 감사합니다",9.0.8,2,"","김지윤"
2026-02-04,5,"너무재밌어",,0,"","이설아"
2026-02-04,5,"앱사용 전혀 불편없어요",9.0.8,0,"","조은경"
2026-02-03,1,"근본부터 글러먹은 기업. 한국 상대로 성장해왔고, 꾸준히 한국 기업이라며 정체성 강조를 했는데 불리할 땐 미국 뒤에 숨어서 온갖 책임을 회피. 조작, 사기, 가품, 중국산 제품, 다크패턴 등등 잦은 논란에도 방치. 꼼꼼한 포장이 필요한 제품에는 제품 그대로 송장을 붙이거나 비닐포장 하고, 그에 반해 간단한 제품에는 과대포장... 도통 이해할 수 없는 업무 프로세스. 반품 검수를 안 하는 수준의 업무 처리. 저질 중국 판매자 입점은 적극 유치하면서 왜 고질적인 문제들을 개선하려고 하지 않는 걸까. 갈수록 떨어지는 브랜드 평판을 보면 참으로 투명한 기업이 아닌가 싶다. 소비자•판매자•노동자 모두 불행한 기업, 니들은 별 한 개도 아깝다.",9.0.8,15,"","0 FQ"
2026-02-03,1,"중국이랑 손잡고 쎼쎼쎼 인생사 가는데 순서없고 추락도 한순간이다 제발 망해라 두번 다시 안쓴다",,5,"","WKDRO qkrauf"
2026-02-03,1,"개인정보가 털림",8.9.9,5,"","칙크롬"
2026-02-03,1,"쿠팡에서한달에15만원주문하고,로켓배송도했는데 여성워커주문한지가언제인데아직도오지안고,장난하나요ㅠ이주가 다 되가요 오늘배송완료된다고문자왔는데신발은오지도안고장난해요.쿠팡에서주문못하겠네ㅠ 로켓배송하면 뭐해요.주문한지가언제인데신발은 안오고장난해요.쿠팡불친절하고배송도늦고,주문 할일없을것같네요.다른쇼핑앱을이용할겁니다 별하나도아깝다",9.0.8,9,"","손님"
2026-02-03,1,"최악",9.0.6,8,"","김영민"
2026-02-03,1,"탈팡했는데 광고좀 그만해줘 꼴보기 싫으니까",8.5.8,6,"","장프로"
2026-02-03,1,"해킹당한만큼 중국산 겁나 유입함",9.0.8,2,"","이성준"
2026-02-03,1,"왜 잘 쓰고 있는 UI 맨날 바꿔서 불편 하고 형편없이 만드는거야????? 짜증나게",9.0.8,5,"","강요한"
2026-02-03,3,"최근 본 상품 왜 없앤거에요. 겁나 불편. 제발 복구 해줘요.",9.0.8,1,"","Mina Jo"
2026-02-03,1,"해킹당했고 비번바뀌었는데 어쩔건데",7.9.3,2,"","소민국"
2026-02-03,1,"최근본상품 이 메뉴를 없애면 어떡해요.... 다시 복구해주세요",9.0.8,35,"","mm"
2026-02-03,1,"광고 알람 유도",9.0.8,2,"","최영훈"
2026-02-03,3,"쿠팡 어플은 좌우 회전이 되질 않아서 불편한데, 개선해 주려나?",9.0.8,0,"","Changyeol Lee"
2026-02-03,1,"일시적으로 사용자가 증가하여 서비스접속이 원활하지가 않다는게 벌써 8시간째다. 서버를 늘리던가 좀 해달라",9.0.8,1,"","JW Choi"
2026-02-03,5,"좋아요",9.0.8,0,"","노현제"
2026-02-03,1,"개인정보사태이후 스팸 존내가 많네",9.0.8,4,"","귀리보이"
2026-02-03,5,"편리하고 넘 좋아요~",9.0.8,0,"","김용옥"
2026-02-02,5,"힘내라",9.0.0,0,"","삐옹쓰"
2026-02-02,1,"ㅇㄴ 번호 바꿨는데에도 옛날 번호로 인증하라하믄 우짜노 쿠팡 일 똑바로 안하냐 장난하는것도 아니고;;",9.0.8,2,"","Eee Zzz"
2026-02-02,1,"쿠팡 요즘 개인정보 털린다고 하지말라던데 이제 괜찮아요?",,2,"","최정혜"
2026-02-02,1,"카드결재 잘안됨",9.0.8,2,"","김기웅"
2026-02-02,1,"수준 ㅋ",9.0.8,1,"","김경현"
2026-02-02,5,"쿠팡은 신속정확하여 신뢰합니다",9.0.8,1,"","김석수"
2026-02-02,1,"다운2지구(서사리) 로켓프레시 언제되나요?",9.0.8,1,"","배숙희나빈숙설희원"
2026-02-02,5,"재입고 알림을 신청 해놨는데 알림이 안와요. 언젠가 부터...",9.0.8,3,"","보라이모"
2026-02-02,3,"몇년간 로켓결제하고 잘썼고, 솔직히 개인정보 털리는거도 연례행사라 신경도 안썼었고요. 근데요, 신규와우-기존와우 혜택이 다른점 + 쿠폰으로 다른상품 광고하는거 + 우리 미국 기업이에요!! 호에엥~~ 한국이 미국기업팬다!! 하는 뉴스보고 개짜쳐서ㅋㅋㅋ 리뷰한줄 남깁니다",9.0.8,1,"","조상현"
2026-02-02,1,"구매 후에 가격 확 낮춰서 호구 만들어줌. 리뷰 조작하고 짝퉁 제품을 버젓이 판매하니 믿을 수가 없음. 검색하면 관련도 없는 상품들을 끼워넣어 헷갈리고 시간 낭비하도록 만듦. 자꾸 팝업 띄워서 실수로 멤버십 가입되거나 실수로 결제되도록 교묘하게 혼동되게 만들어놓음. 보안 엉터리로 하다가 개인정보 유출시켜놓고서 피해자 코스프레. 쇼핑 앱 중에 이렇게 열받게 만드는 앱은 없었는데",,4,"","Nice Good"
2026-02-02,1,"컬리 멤버쉽 1900원에 새벽배송 됩니다 이름하여 샛별배송 쿠팡도 안되는 지방인데 여긴 새벽에 배송해줌 쿠팡 대신 써주면 땡큐",8.2.6,10,"","넌졌어"
2026-02-01,5,"참 좋아요^^!!",9.0.8,0,"","웅대"
2026-02-01,1,"쿠팡 양아치인거 다알지만 납치광고좀 잡아봐라 욕나오게하지말고 터치도안햇는데 쿠팡으로 왜넘어가냐..한두번도아니고 대기업이면 대기업답게 행동해라..어디 동네 양아치짓거리하지말고!쫌",9.0.8,4,"","김효동"
2026-02-01,5,"쿠팡 건들지마라. 한국 it생활문화 살리는 회사다. 불편러 들아",,2,"","hihello"
2026-02-01,1,"털린 고객 개인정보 = 5만원 ㅋㅋㅋㅋㅋㅋ 심지어 기간제 ㅋㅋㅋㅋㅋㅋ 와우회원할인 적용은 기준도 모르겠고",9.0.8,4,"","Moo cho"
2026-02-01,2,"제발 포장좀 제대로 해달라고요.다 찌그러지고 부셔지고 배송하시는분은 던지고!! 에어비닐 한번감는게 그렇게 어렵나요? 손가락만한 물건을 몸집만한 종이박스에 던져져서 오는것보다 에어비닐한번 둘러서오는게 더 저렴하겠네!",9.0.8,18,"","J[민]정"
2026-02-01,1,"별로인거같아요 . 물품도 늦게 회수되고, 식품도 싱싱하지않아서 반품도 꽤하고. 이제 이용 안해",,1,"","김서연"
2026-02-01,1,"로켓배송 때문에 쿠팡씁니다.",9.0.8,0,"","이선주"
2026-02-01,1,"아니!!!시부레 로그아웃 좀그냥시켜줘!!!!",9.0.8,0,"","조기산"
2026-02-01,1,"절대 다시는 가입 안함 솔직히 멥버쉽 금액 인상때도 개인정보 유출때도 그동안 쿠팡 덕분에 로켓배송 덕분에 편했던게 더커 그냥 사용 하려했다 근데 이쿠팡이 감히 대한민국 나의 나라를 건드는건 절대 아니지 당신들 꼭 망하기를 별한개도 주기 싫기만 별이 없으면등록이 안되네 여러분 탈팡해주세요",8.6.9,5,"","신정선 (공존의 이유)"
2026-01-31,1,"탈팡합니다",8.9.5,0,"","이예원"
2026-01-31,1,"구매이용권 전상품 가격표시에 자동적용 해제해라, 좀 적당히좀 해야지...",9.0.8,0,"","Hosun Lee"
2026-01-31,3,"결제수단에 카카오페이나 Google Play 잔액으로도 결제할수 있게 추가 해주세요 이건 해킹 당했을때 계좌랑 비번 안털려서 좋은거 같더라구요",9.0.8,0,"","신정환"
2026-01-31,3,"접 속 느림",9.0.8,1,"","이이현숙"
2026-01-31,1,"사기업체 걸러내지도 못하고 고객 불만 처리도 꼴랑 죄송합니다. 앵무새 밖에 못하는 주제에 무슨 온라인쇼핑몰을 운영한다고ㅋ 네네 니네가 원하시는대로 탈퇴 앱삭 불매 다 해드림~ 꼭꼭 쿠팡이 시도하는 모든 일이 개쳐망하고 파산이나 하길 기원합니다🙏🙏",9.0.8,6,"","hj Lee"
2026-01-31,1,"ugly",8.9.4,2,"","이상룡"
2026-01-31,1,"로켓 제품 안사니, 물가 떨어지는 중.",9.0.7,6,"","추영민"
2026-01-31,1,"어이없음",,3,"","김정민"
2026-01-31,1,"쿠팡.쿠팡이츠 탈퇴하고 앱삭제함 악덕 양아치 미국기업 꺼져라 네이버.11번가.옥션에서 주문해도 불편한거 1도없음",8.1.2,14,"","K바다"
2026-01-31,1,"택배기사님들이 어떤분은 딱놓고 가는데 오늘 택배를 받았는데 근처에 흙도 없는 집 인데 택배가 흙으로 뒤덥혀 있고 명화그리기를 샀는데 뚜껑도 열려 있었습니다",,2,"","진호"
2026-01-31,4,"갤럭시 패드에서는 가로 모드가 안되더라구요 업데이트로 갤럭시 패드도 가로 모드로 볼수 있게 해주세요",9.0.8,1,"","최용석"
2026-01-31,5,"쿠팡화이팅",8.9.8,4,"","dongu woo"
2026-01-30,1,"실수로 한번 눌럿는데 결제가 되버렸다는 사람들도 많고 그리고 맨날 와우회원 가입하는 유도 화면뜨는거에 너무 속보이네요;",9.0.8,2,"","부리스"
2026-01-30,1,"보안이 거지 같다",9.0.7,2,"","J H Kim"
2026-01-30,1,"안써요 이제....",9.0.7,4,"","준영"
2026-01-30,1,"카드 2개 사용하는데 주로 사용하는 카드와 1번씩 사용하는 카드가 있는데, 기본결제 카드를 설정할 수가 없고 한번 결제하면 그 카드로 기본결제카드가 바뀝니다. 그래서 결제하고 나면 다음에 쿠팡회원비 결제하는 카드가 원하지 않는 카드로 결제되는데 그걸 내가 결제하고 싶은카드로 설정할 수 없고 마지막 결제한 카드로만 결제된다고 하네요? 내가 원하는 카드로 결제할 수 없고 그게 싫으면 카드 등록 삭제하고 결제할때마다 카드등록으로 새로 하라고 하는데 이 ui가 맞는겁니까? 어이가 없네요 ui가 너무 구려요..... 기본 결제카드 설정할 수 있게 해주시고 결제할때마다 카드 등록하고 삭제하는거 안해도 되게 해주세요...",9.0.7,3,"","J Kim"
2026-01-30,5,"교환.반품.환불 신속정확 합니다.",9.0.7,3,"","마로랑"
2026-01-30,1,"1. 26년1월띁나가는데 언제고치십니까? 담당자분들 안보세요? 판매자문의, 쿠팡문의 답변이 알림이 떠서 누르면 옛날처럼 바로답변페이지로 가는게아니라 일일히 또 눌러 찾아가야해서 너무시간걸려요 전처럼 바로볼수잇게 돌려주세요 2. 전처럼 주문내역 누르면 다른터치없어도 배송조회버튼이 보여서 그거 바로 누를수잇게해주세요 도대체 주문하는 물건 한두개가아닌데 배송조회버튼을 이렇게 숨겨놓으면 시간 다 잡아먹는데 누구생각인가요? 빨리 쉽게 노출시켜주세요 3. 개발자님 메가뷰티쇼같은거 쇼핑한번할라면 한군데다 모든물건 짱박아놔서 카태고리도 없이 필요한거 찾느라 스크롤 몇시간내려야합니까? 백수아니면 물건어떻게 찾아서 사요? 카테고리별로 볼수있게좀 하세요 몇년째이러고잇는거같은데 쇼핑하지 말란거 아닙니까 이정도면? 빨리바꿔주세요",,11,"안녕하세요 고객​​님, 쿠팡입니다. 이용 중 불편하셨을 텐데, 소중한 시간 내어 개선 요청해 주신 점 감사드립니다. 답변 확인과 배송조회에 대한 접근성, 카테고리에 대한 개선 필요 의견은 담당 부서로 전달하여 개선해 나갈 수 있도록 노력하겠습니다. 저희 서비스를 이용함에 있어 불편함이 없도록 최선을 다하는 쿠팡이 되겠습니다. 추가로 전달하고 싶은 의견이 있으신 경우 언제든지 고객센터로 문의 부탁드립니다. - 365일, 24시간 운영되는 전화(1577-7011) 또는 채팅 상담 감사합니다. 쿠팡 드림","반짝반짝"
2026-01-30,1,"최근 본 상품 목록 왜 공지도 없이 멋대로 없애냐? 그럼 다시 보려면 무조건 장바구니 담아둬라는거냐? 공지도 없이 그냥 없애버리네",9.0.8,3,"","준성"
2026-01-30,1,"개인정보유출로 탈퇴했었는데 재가입시 기존 이메일 입력시 이미가입되었거나 탈퇴한 회원이라며 가입이 안되는데 어떻게하나요?",9.0.7,2,"","조지혜"
2026-01-30,1,"로그인 하려고 하면 확인 버튼이 안눌러지는데 어떻게 로그인을 함?",9.0.7,1,"","임상섭 (LINDA-린다)"
2026-01-30,1,"뭔 쇼핑앱이 기본중 기본 기능인 최근 본 상품 다시 보기 메뉴도 없음? 장난함?",9.0.8,2,"","won"
2026-01-30,5,"배송겁나빨라요but 유출도 빨라요",9.0.7,4,"","이하은"
2026-01-29,5,"다른쇼팅앱들도써봤는데.쿠팡이재일좋터라구요",9.0.7,1,"","안창호"
2026-01-29,1,"개인정보 유출 값으로 받은 쿠폰 쓸라 했는데 품절 직전인 제품은 '로켓와우로 할인받기'만 있고 구매버튼 없어서 한참 헤맸네요;",,10,"","김다윤"
2026-01-29,1,"반성해라쿠팡아이것도아까워그래도별한게는준다",8.9.6,3,"","손세헌"
2026-01-29,1,"최악",,4,"","오경택"
2026-01-29,2,"아니 배송완료 됐을때 바로 배송조회 가능하게 만들고 그 페이지에 상품누르면 상품페이지로 갔었는데 업뎃 하고서 불편하게 변했어요",9.0.7,1,"","뉴비"
2026-01-29,1,"중고검수도 제대로 안함",9.0.2,3,"","로르디(지호)"
2026-01-29,5,"쿠팡 화이팅!",,3,"","최소망"
2026-01-29,1,"별로임",8.9.7,0,"","sy k"
2026-01-29,1,"메뉴에 최근본상품이 없어짐. 엄청 불편.개선시 시급. 꼭 전달부탁",9.0.7,2,"","나냐냐"
2026-01-29,1,"아주 불량해요.",8.9.6,5,"","박민규"
2026-01-28,1,"개인정보 다 털리고 책임 안지는 회사",,8,"","이성재"
2026-01-28,1,"앱이 멋대로 켜저 광고를 띠움",9.0.7,3,"","한동훈"
2026-01-28,1,"개인정보 털렸는데 아무 조치 안함? 죄송하다 하면 끝?",9.0.7,10,"","슬픈개구리"
2026-01-28,5,"알리테무 꺼져라 쿠팡이 최고다",9.0.7,5,"","이진규"
2026-01-28,5,"배송이 너무 빠르고 물건 상태도 알리,테무 보다 훨씬 좋아요!!",9.0.7,5,"","김민창"
2026-01-28,1,"액자를 2번 시켰는데 두번 다 부숴져 있음",9.0.7,2,"","정평곤"
2026-01-28,1,"탈퇴합니다",9.0.7,5,"","강형석"
2026-01-28,1,"아니 난 그 가격에 그것만 사고 싶은데 왜 계속 와우 회원으로해서 사든가 19800원 채워서 사야되는거죠? 난 그거 하나만 사고 싶다고요",9.0.7,1,"","AS D"
2026-01-28,1,"진짜 ㄱㅆㄹㄱ앱",8.0.4,4,"","DUSTY LIFE"
2026-01-28,1,"앱광고 푸시 동의알람 앱킬때마다 뜨는데 이거좀 없애주세요",9.0.7,3,"","김동현"
2026-01-27,1,"쿠팡 대응이 기분은 더러웠지만 우선 그냥 없으면 불편할까봐. 그냥 이용했는데 없어도 딱히 불편하지 않음을 요즘 확연히 느낌",9.0.7,4,"","teacup 0408"
2026-01-27,1,"시도때도없이 뜨냐",9.0.7,1,"","Samier"
2026-01-27,1,"탈팡",,10,"","베니스E04"
2026-01-27,5,"쿠팡 최고!",9.0.7,2,"","월드오브박스"
2026-01-27,1,"구매이용권 5000원밖에 쓸게 없네...",9.0.7,2,"","박병택"
2026-01-27,1,"로켓은 빨라서 좋은데 일반배송은 진짜 구려요 진심 아니 품절이 됬으면 그냥 취소하라는 문자도 안 주고 결제완료만 띄어놓고 문의하니까 뭔 재고가 없어서 출고를 못했다 이딴 소리를 하네요;;",9.0.7,1,"","박하을"
2026-01-27,2,"결제 하려는데 자꾸 가입하라고 하고 결제도 안되는데 뭐 어쩌라는건지 모르겠네요",9.0.7,1,"","김현지"
2026-01-27,3,"쿠팡사태 땜에 조심해서 쓰고있지만 제 계정 안털리면합니다",9.0.7,1,"","대전광역시"
2026-01-27,1,"탈팡이다. 꺼져라 쿠팡. 난 네이버로 간다.",,6,"","myung kyun im"
2026-01-27,2,"안녕하세요. 쿠팡 앱 사용 중 UI 관련 버그가 있어 문의드립니다. 기기: 삼성 갤럭시 S25 OS: One UI 7 / Android 최신 버전 쿠팡 앱: 최신 버전 증상: 쿠팡 앱 내에서 주문내역, 카드영수증 등 일부 화면에서만 글씨 크기가 비정상적으로 크게 표시됩니다. 시스템 글씨 크기/화면 확대/접근성 설정은 모두 기본값이며, 캐시 삭제, 앱 재실행, 기기 재부팅 후에도 동일 증상이 지속됩니다. 다른 앱에서는 동일한 문제가 발생하지 않습니다. 갤럭시 S25 해상도 또는 One UI 7 환경에서의 쿠팡 앱 UI 스케일링(DPI) 호환 문제로 보입니다. 확인 후 개선 요청드립니다. 감사합니다.",9.0.7,15,"","장경수"
2026-01-26,1,"최악",9.0.5,2,"","ByungSeon Park"
2026-01-26,1,"와우 회원 아니면 못사는거 왜이리 많나요.",9.0.2,1,"","김하식"
2026-01-26,1,"내 개인정보 어쩔껀데",9.0.7,3,"","MAMA마마 (Rich_Burg)"
2026-01-26,2,"쿠팡 갠정 털려서 기분도 안 좋은데 쿠폰을 갠정털린 사람들에게 주는건데 5000원은아니지않나요...",9.0.7,1,"","이채민"
2026-01-26,1,"쿠팡 절대 쓰지마세요 반품한다고 반품비용이 발생함 이미지보고 구입했다가 작아서 반품 한다니까 반품비가 있다고함 그리고 난 다시는 쿠팡 안쓸거고 탈퇴예정임",9.0.7,7,"","원준영"
2026-01-26,5,"쿠팡오늘의 좋은일정🧺 각각 만든가게에서 등산화ㆍ잠옷바지ㆍ건조대🧦 팔아서 하나씩 필수템✅️이여서 샀습니다쿠팡은 생활용품ㆍ간식 팔아요. 없는건없다🚰",9.0.7,3,"","Cream camping"
2026-01-26,1,"와우 회원을 길게 했는데 탈퇴하려고 합니다. 바트망 2개 시켰는데 하나만 오질않나 배송 7시전 도착 보장이라 해놓고 안 오질 않나. 일처리가 굉장히 미흡하고 태도가 개 불량합니다. 이럴거면 그냥 중국에 가게 내다 파세요. 테무랑 다를게 없노?",9.0.7,2,"","배준영"
2026-01-25,1,"실망",9.0.6,3,"","최병우"
2026-01-25,5,"편한",9.0.7,1,"","성현준"
2026-01-25,1,"왜 로그인이 안되나요?",,0,"","Leo_some Nucle"
2026-01-25,1,"앱이 뭔가 덕지덕지 ; 쇼핑 앱인걸 감안해도 좀 그렇다. 그리고 무슨놈에 광고로 넘기는게 많은지 ;; 불편해서 우선 지움.",8.4.2,0,"","임용순"
2026-01-25,5,"쿠팡 배송이 엄청 빨라서 자주 이용합니다! 교환&환불 신청했을 때 꾸물거리지 않고 무료로 빠르게 대응해주는 점도 좋습니다. + 로켓프레시 제외하고 검색할 수 있는 기능 있으면 좋을 거 같습니다. 지금은 '로켓프레시만 검색' 기능이 있던데 저는 로켓프레시 아닌 일반 로켓상품을 원할 때가 더 많아요!",9.0.7,426,"","EJ J"
2026-01-25,1,"악덕기업 쿠팡 탈퇴. 쿠팡 앱 삭제.",9.0.7,7,"","재갈공명"
2026-01-25,1,"배은망덕",,6,"","나는남좌다23"
2026-01-25,5,"여기도 댓글알바 있는 건가요? 저는 쿠팡 6년 넘게 사용 중입니다. 15000원 프레시 무료배송은 누구는 2천원만 사도 혜택 주고 누구는 몇년 넘게 사용해도 혜택 안주는 게 아니고, 가끔씩 이용자들에게 15000원 안채워도 무료배송 해줄 때가 있습니다. 근데 그걸 그따구로 리뷰 남겨놓으면 어쩝니까? 결론, 암튼 쿠팡 화이팅! 대한민국 국민은 쿠팡을 지지하고 응원합니다.",9.0.7,5,"","하하하핳"
2026-01-25,1,"UI 이상함",,3,"","함지율"
2026-01-25,1,"쓰뤡",,4,"","OneCM"
2026-01-25,1,"오너의 대응이 정 떨어져서 오래 유지하던 와우회원권 탈퇴합니다~~~ 다른 어플도 많아서 딱히 너 없어도 잘 살 수 있긴해... 겨우겨우 뒤늦게 들어온 오천원 쿠폰으로 퉁 치려는 자세도 넘나 짜칩니다..;",9.0.6,8,"","차차라차"
2026-01-25,1,"뉴스보다가 쿠팡으로 납치되는 패턴 적당히좀 합시다",9.0.7,10,"","SM J"
2026-01-25,1,"배송요청 사항 '직접받고 부재시 문앞'이라고 써놨는데, 전화도 없고 문자도 없고 주소지에 적어둔 문앞에 아니고 문 밖에있는 현관문쪽에 던저놓고 지혼자 인증샷 찍어놓고 휙 가버림..;; 아니 다른 배송회사들은 배송출발하면 기사연락처 공개하고 문자도 날라오는데, 여긴 로켓배송 상품 지들이 직접 배송하면서 허술하게 그딴식으로 배송운영을 하냐;;; 그리고 쿠팡 상담원은 아무 도움도 안되고 형식적인 멘트만 복붙할거면 걍 사람쓰지말고 Ai가 상담해라ㅡㅡ^ 쿠팡 다시는 이용 안함🤬🤬",8.0.8,236,"","Sun:D"
2026-01-25,3,"UI에서 '최근 본 상품' 기능을 없앤 이유가 뭔가요? 너무 불편합니다.",9.0.7,1,"","양지수"
2026-01-25,1,"주문한 상품에 문제가 있어서 환불하려는데 환불접수 마지막 단계에서 와우회원 아니라고 5000원 내고 환불받으라는 팝업이 뜨네요? 그런데 또 뒤로갔다가 다시 시도하니깐 정상적으로 접수가 됩니다. 시스템 오류로 단순 변심으로 환불받는 사람들한테만 뜨는 팝업이 이렇게 뜨는거라면 빨리 수정하시길 바랍니다. 상품 자체 문제로 환불받는데 이런식으로 돈내라는건 말이안됩니다.",9.0.7,51,"","이상호"
2026-01-25,1,"예... 개인정보 유출 사태가 나기전까지는 잘 사용했습니다 근데 유출 문자가 오고 나서 바로 쿠팡 탈퇴했습니다 전반적으로 빠른 배송은 좋습니다 하지만 신뢰를 잃었네요",,5,"","팜들"
2026-01-25,1,"사용하면 기분이 안좋아짐",9.0.7,1,"","락락"
2026-01-25,1,"알럭스 쿠폰 뿌릴거면 재고관리좀해라ㅡㅡ 맥 제품 립스틱류 대부분 품절임 팔겠다는 거임 말겠다는 거임",9.0.6,1,"","이영미"
2026-01-25,1,"탈팡!",9.0.7,2,"","박상호"
2026-01-24,1,"납치광고 그만",9.0.7,4,"","JUNGs YK"
2026-01-24,5,"사진상으로 는 좋아 보이나 사실상받아봄 모르겠어 요,",,0,"","오미숙"
2026-01-24,1,"개인정보유출",,3,"","날좋은날"
2026-01-24,2,"상품이 파손되어 와서 새제품으로 교환해달라했는데 5천원을 왜 내야되는지 모르겠네요. 파손으로 인한 교환인데 왜 제가 돈을 내야 하는거죠?",,2,"","예아"
2026-01-24,5,"안녕하세요. 주문한상품보기 리뷰보기 쿠팡체험 보는거등등. 처음처럼 보기를다시 해주세요. 엄청 불편합니다. 요즘.쿠팡.자꾸 바뀝니다. 주문보기.등등. 처음했던대로 다시 해주세요.네. 올라온글에도 몇개있네요. 왜 자꾸.편한걸.어렵게 바꿔놓는거예요? 혹시.자꾸 바뀌는 이유가있을까요? 쿠팡 무자게사랑하는 한사람으로써 주문보기.등등이 바꿔버려서 아주불편합디다..",9.0.7,2,"","김좀비"
2026-01-24,1,"학생이어서 와우 멤버십을 하기 어려운데 요즘은 상품들 대부분이 와우 할인이 들어가서 구매 한 번 하기가 어렵네요. 할인 받으면 좋지만 무조건 할인이 들어가서 와우 멤버십을 무조건 해야지 구매할 수 있는것들도 많구요 정말 불편합니다.",9.0.7,9,"","김지민"
2026-01-24,1,"보기시러",8.6.6,3,"","Ki Young Kim"
2026-01-24,1,"꺼져라!",,6,"","해혹복본"
2026-01-24,1,"미국가서 장사 많이하세요^^",,5,"","애플망고"
2026-01-24,1,"최악",9.0.6,6,"","이상현"
2026-01-24,1,"저질기업",,5,"","현상일"
2026-01-24,5,"예이",9.0.6,0,"","Hyoung youl Park"
2026-01-24,1,"기존 아이디가 있다고 새로운 아이디로 결제가 안된고 기존거로 로그인하려고 하면 로딩이 안된다고 하고 뭐하자는거야 구글 아이디가 로그인이 되던가 네이버 아이디로 결제 할 수 있게 해주던가 해야지",9.0.6,2,"","김선욱"
2026-01-24,1,"쓰레기 앱",,3,"","김도현"
2026-01-23,1,"이 앱은 더 이상 기기와 호환되지 않는다고 매새지가 나오면서 업데이트도 디지 않은데 업데이트 하라고 나옴, 갤럭시 폴더2 사용,",8.9.7,2,"","이필순"
2026-01-23,5,"기사님 의 고생 수고 많읍니다",9.0.6,5,"","김영운"
2026-01-23,1,"사과하고 한국에서 꺼져",,6,"","이강"
2026-01-23,3,"큐팡쇼핑에 저의개인정보을 흘려서 여기저기서 필요없는전화 보이스핑걸러서 앞으로어떻게할지 맘걱정이안됄수가 없슴니다 저의폰에 녹음으로저정하고 있슴니다 녹음으로 들려 보내시려면 보내드릴수 있슴니그다 앞으로 고객을관리하실려면 이런실수을하시면 큰일남니다",9.0.6,7,"","황영익"
2026-01-23,1,"무슨 상품을 구매하려는데 와우 가입강요 하면서 상품을 못사게 하네 구매누르니까 와우가입or나중에 하기가 있는데 나중에 하기누르니까 아무 반응없고 싸가지없어서 물건안살게요",,4,"","이용희"
2026-01-23,5,"1. 중국산 물품이 너무 많습니다. 이게 중국 쇼핑몰앱인지 아닌지 구별도 안될정도입니다. 이럴거면 테무나 알리써야할판입니다. 여태 샀던 중국산 제품 좋았던적 없습니다. 죄다 불량품입니다. 2. 물건에 대한 필수표기정보 보면 원산지 제대로 안적힌거 많습니다. 국산이라 표기해놓고 실제로는 중국oem에서 만들어진 경우가 많습니다. 3. 쿠팡 판매량 및 별점과 리뷰 조작을 한건지는 모르겠으나 별로 좋지 못한제품인데도 높은 별점과 긍정적리뷰가 있는경우도 있고, 좋은 제품인데도 고의적인 별점테러와 부정적리뷰가 달려있는 경우가 많습니다. 그리고 번외로 국산제품에만 별점1점 갈기는 싸가지 없는 계정 간혹가다 있습니다. 쿠팡 언제나 응원합니다 관리 해주세요.",9.0.6,564,"","*고*라니"
2026-01-23,1,"와우혜택 그만 뜨게해라 쫌",,5,"","멋남"
2026-01-23,2,"진짜.. 이해 안 됨.. 사기인 걸 팔고 있는 중국 판매자 고객센터에 문의했더니 그냥 매크로 답변뿐이고, 결국 계속 판매 진행 중이라 다른 사람도 피해 보는 중임.. 상품이 사진과 전혀 다른 거라서 다들 사기라고 리뷰 달았는데 그것마저도 다 사라지고 중국 업자가 고용한 리뷰 알바들의 리뷰뿐임. 진짜 뭐 어떻게 운영하고 있는 거임.. 엄마가 속아서 구매하신 거라 너무 기분 안좋음..",,4,"","눈누"
2026-01-23,1,"업데이트 좀 작작떠라ㅡㅡ",8.9.6,4,"","내맘내맘이야"
2026-01-23,2,"쿠팡이랑 안 어울리게 박쥐는 안 팔아서 안 좋아요",9.0.6,2,"","Wall"
2026-01-23,5,"정말좋고최고에요",9.0.6,1,"","김현일"
2026-01-23,5,"쿠팡 흥해라~~",8.9.6,1,"","h daa"
2026-01-23,1,"끝까지 실망스럽습니다.",9.0.6,6,"","김영재"
2026-01-23,5,"쿠팡 화이팅!",9.0.6,1,"","김거북"
2026-01-23,1,"사용자를 개돼지로도 안보는 이기적이고 자기변명과 남탓으로 점철된 기업 탈팡하고 나서 오늘 기사 보고 여기라도 기업같지 않은 태도에 대해 규탄한다. 잘못도 지들이하고 탈팡에 대한 넘치는 이유를 만들어낸 것도 지들인데 감히 소송을 걸겠다고 협박질을 해? 탈팡 3주차 되어가는데 니들 없어도 잘 산다.",9.0.6,8,"","Mi Ah"
2026-01-23,1,"와우회원없애니. 하나사면 금액에마춰 시켜야되는불편함 너무하네요",9.0.6,3,"","이룰수없는사랑"
2026-01-23,1,"전형적인 적반하장 피코중인 외국 기업. only 1도 아닌 니들 탈퇴한다. 쿠플은 뭐 원래 보지도 않고 배달은 배민 있고",,7,"","jiyong Han"
2026-01-23,1,"우리랑 같은 땅을 밟고 같은 대한민국 국민으로써 일하는 사람들,노동자분들을 존중해주지않고,또 몇몇분들은 사망에 까지 이르게 해서 고인이 되신 노동자가족분들에게 지울수없는 상처를 준 이 서버스와 기업정신이 결국은 회사안에서 곪아서 썪어문드러질것입니다. 더 늦기전에, 모든것을 바로잡길 바랍니다. 그리고,조금이라도 진심을 보이길 바랍니다.쿠팡의 관리자든,사장님이시든 쿠팡의 이용자분들 편리함이 전부가 아닙니다.우리가 종종 느낀 편리함은 누군가의 배려와 노력속에 있는건 자연스러운것이지만,쿠팡이 주는 편리함은 누군가의 삶 자체를 앗아가서 만들어진 편리함들입니다 전 이러한 편리함이 너무 아프고,고인분들을 생각이 나서 더이상 사용하지않으려고 합니다.아니,사용하지 못합니다.우리는 결국 모두 노동자 이기에,고인분들이 섰던 노동자라는 직분 에서 소리를 내어야합니다.쿠팡,정당하고정의롭게 기업활동해주세요",9.0.6,6,"","유헷"
2026-01-23,1,"왜 막 혼자켜지나요? 그리고 왜 장바구니 안의 물건 사려는데 오류나요?",9.0.6,4,"","H진유"
2026-01-23,3,"내가 안켰는데도 혼자 켜지는 신기한 앱",9.0.6,3,"","카누아"
2026-01-22,1,"좋은 건 인정! 하지만 정보 유출하고 돈은 우리나라서 벌면서 조금 불편하다고 미국에 제소한다고? 어이가 없네! 이젠 완전 탈퇴! GOODBYE~",9.0.6,7,"","김정도"
2026-01-22,1,"한국 장사 접고 사랑하시는 본토로 가시길",9.0.6,6,"","갈라여우"
2026-01-22,1,"그 사태 일어나고나서 쿠폰 준다고 한 날 이후에 탈퇴를 하는데 사유같은거 적는거 없이 칼 탈퇴 되더라고요?... 흠.... 결제만 하려하면 와우 가입 안 할거면 돈 더내라 그래야 로켓배송 된다고하는게 ㅈㅉ 사기꾼같고 속은 기분...",,4,"","K M"
2026-01-22,3,"1월15일 업데이트 후 최근 본 상품 리스트가 사라져서 불편해요. 깜빡하고 찜 리스트에 못 넣은 상품은 최근 본 상품 리스트에 있어서 찾기 쉬웠는데 불편해졌네요.",9.0.6,4,"","Bella Luna"
2026-01-22,5,"굿 쿠팡",,1,"","몽키D루피"
2026-01-22,5,"쿠팡 항상 화이팅입니다. 김범석 화이팅❤️",9.0.6,0,"","김태우"
2026-01-22,1,"납치광고 배너나 좀 처리해라 맨날 눈가리고 아웅이고 쿠팡광고 강제 납치 될때마다 핸드폰 집어 던지고 싶음",8.5.9,3,"","가가드라이브"
2026-01-22,1,"아직도 쿠팡하냐",8.6.3,4,"","이동민"
2026-01-22,5,"럭스? 고급짐. 서비스 쩌네요 중국놈들 때문에 고생이 많아요 화이팅 ㅠㅠ",,0,"","곽주안"
2026-01-22,1,"쿠팡광고 좀 자제합시다",,4,"","홀로가는길"
2026-01-22,5,"쿠팡 최고예요",9.0.6,0,"","Pham Thuy"
2026-01-22,1,"참 와우회원 얼척없이 강제로 가입시키네? 이게 말이되나 물건을 주문하려는데 계속 와우 회원가입이 뜨길래 어떻게 넘어가나 눌러봤더니 바로 7900원뜯너가고 가입시키네 바로 해지는 했지만 이런거 강매아냐?",9.0.6,5,"","윤진우"
2026-01-22,5,"뭐 논란이 많아도 이것보다 좋은게 없음",9.0.6,0,"","리우"
2026-01-22,1,"개인정보 쳐 유출하고 보상하는 꼬라지",9.0.6,7,"","dnwns wjd"
2026-01-21,2,"여러가지로 편리하고좋고저렴하게구매찬스도있고좋다.그런데모바일 앱광고가시도때도없이아무곳에광고를들이밀어 황당하고 짜증날때가 좀있다.사이트가다른데도쿠팡제품광고가계속 나와주문하라고.삭제하면또나오고조금있다또나나오고.황닽해서하고자하는사이트를 포기한경우도있었었음그래서모바일앱사이트를삭제시킴",,3,"","원선하"
2026-01-21,5,"쿠팡은 고객정보 관리개판 해킹 유출 그래놓고서 뻔뻔하게 함 그래서 탈퇘해는데 탈퇘한 고객들한테 보상문자보냄 더~열받는것 내가 사용도 거진 할수 없는것들 이여다는것이다. 그리고 보상도 작고 진짜 쓰레기 기업이라고 생각합니다.",,6,"","돌싱"
2026-01-21,5,"쿠팡 화이팅 하세요~!!",8.9.8,1,"","그리고"
2026-01-21,1,"등신들 내 정보 세계일주 했겠네",8.9.9,4,"","9158 uri"
2026-01-21,1,"에코백 회수예정 카톡으로 계속날아옴...ㅡㅡ 쿠팡삭제하고 다시 설치하래 장난하나... 남자상담사였는데 개불친절하네",9.0.6,2,"","조용수"
2026-01-21,1,"쓰레기 앱 으로 가네ㆍㅡㅡ",9.0.6,4,"","고대윤"
2026-01-21,1,"정보 해킹 당해놓고 보상도 없음.",9.0.6,4,"","윤소민"
2026-01-21,3,"다좋은데 찍찍이 박스 좀 바꾸시면안되나요. 너무더럽고 쉰내가 쩝니다...일하시는분들도 세균옮겠어요. 일부만바꾸는것같던데 개선필요해보여요.",9.0.6,0,"","뉴스스"
2026-01-21,1,"보상으로하려면 제대로 하던가, 쓰지도 못할 여행쿠폰 같은게 아니라 캐쉬로 충전해줘야지!",9.0.6,6,"","헤르미온느"
2026-01-21,5,"찜에 등록된 물품의 삭제가 안되용",9.0.6,0,"","박성일"
2026-01-21,1,"개인정보유출을 5천원쿠폰으로 떼우나.. 사라져라대한민국에서",9.0.6,7,"","Eace P"
2026-01-21,1,"회원가입안됨 이용불가불편함",9.0.6,2,"","단군신화봉황"
2026-01-21,3,"아니 찜한상품 목록에서 상품이 왜 선택이 안되나요!!!!",9.0.6,1,"","이주연"
2026-01-20,5,"좋아요",9.0.6,0,"","고창관"
2026-01-20,1,"쿠팡 와우 회원 유도 결제 하게함. 휴..... 삭제해야지",9.0.6,4,"","유애나"
2026-01-20,1,"5만원쿠폰 어디감? 5천원으로 감당 가능하겠나? 약속을 안 지키네",9.0.6,8,"","이철호"
2026-01-20,1,"보상쿠폰 뿌려놓으니까 가격 다 올려놨네 ㅋㅋㅋㅋㅋㅋㅋㅋ",9.0.6,11,"","Kim Geonwoo"
2026-01-20,1,"안좋아!!",,3,"","sungwoong bae"
2026-01-20,1,"그냥 너무 괘씸함 보상안도 그렇고 사과방식도 그냥 너무 괘씸함 보상안이라고 내놓은게 총 5만짜리 이용권 그것도 쿠팡만 하는게 아니라 분산해서 써야함 보상안도 보상이라고 안쓰고 구매이용권이라 써서 유저들을 기만하고 있음 거기다가 이용권도 쓸 수 있는 게 얼마 없음",9.0.6,6,"","도발적인아잉"
2026-01-20,5,"쿠팡 화이팅",8.9.8,0,"","은정. 동"
2026-01-20,1,"개인정보 다 털리고 보상으로 5만원 쿠폰이라면서 뿌린건 5천원이고. 이용자 기만이 도를 넘음",9.0.2,11,"","왕갈비"
2026-01-20,1,"탈퇴했는데 문자로 쿠폰 준다고 해서 재가입을 했더니 한 달 넘게 재가입이 안돼서 이메일이 사용 중이라고 뜨네요. 그래서 다른 이메일로 가입을 했더니 이 계정은 유출이 안 됐으니까 쿠폰을 지급할 수 없다고 나오네요. 장난하는 것도 아니고 쿠팡 망해라 고객들을 우습게 보는 것도 유분수지. 계속적으로 지금 희롱하고 가지고 놀고.",,4,"","서원규"
2026-01-20,1,"세이브 배달 클릭마다 할인 바뀌는 거 역겹네",9.0.6,2,"","2 1"
2026-01-20,1,"아니 쿠폰을 줘도 와우 회원이 아니면 로켓배송 상품을 처 못사는데 어쩌라는거임;;; 5천원 쿠폰을 쓸라면 2만원을 처 태워야해 쌰갈::;;;",9.0.6,3,"","양수진"
2026-01-20,5,"진짜 좋아요.. 반품도 꽤 잘되고.. 설치하세요",8.8.1,2,"","MK tv"
2026-01-19,1,"사고 나도 변명 밖에 할 줄 모르는 coupang is criminal!",9.0.6,15,"","유원상"
2026-01-19,1,"이 앱은 업뎃할수록 불친절해지고 렉걸리는데 업뎃할때마다 더안좋아지는걸 강제로 최신으로 업뎃함 옛날까지만해도 좋은앱이였는데 뭘 대체 업뎃하는지 모르겠음 이게 쇼핑앱중에 왜 인기앱인지 모르겠지만 뭐라도 제대로 된 것도 없고 에휴",8.9.8,2,"","윤찬"
2026-01-19,1,"갠정보 유출에 보상도 머같음 최악의 쇼핑몰 ㅡㅡ",9.0.6,7,"","빡군"
2026-01-19,5,"쿠팡 너무 편리함 필요한물건, 질좋은물건을 신속하게 배송함 사랑해♡",9.0.6,7,"","Sua Kim"
2026-01-19,1,"납치광고 너무 짜증납니다.",9.0.6,6,"","기초가튼튼"
2026-01-19,1,"아씨 별 한개도 아까운데.. 게임할때 네이버 뉴스같은거볼때 마다 니들 광고 나와서 짜증나니까 좀 작작해 내리란말이야 어디 미국새끼들이 한국기업인냥 광고를해",9.0.6,20,"","박흥진"
2026-01-19,1,"새걸 사도 중고 중고 사도 중고",8.5.4,2,"","리메스카"
2026-01-19,1,"최근 본 상품 안떠서 불편함",9.0.6,5,"","잼민"
2026-01-19,5,"쿠팡 파이팅!",9.0.6,2,"","식형"
2026-01-19,1,"미국 잘가요👋🏻탈팡은 지능순",,8,"","young guru"
2026-01-18,1,"탈퇴하려고 로그인하려고 비밀번호누름 틀린 비밀번호라 뜸 비밀번호 재설정함 변경한 비밀번호 로 로그인함 틀린비밀번호라 뜸 뭐하자는건데요? 탈퇴하고 네이버로 옮기려는데 쉽게 안놔줄건가요? 개인정보 불안해서 탈퇴 하겠다는건데 탈퇴해도 즉시 삭제안되고 5년간 가입정보를 보관후 폐기한다는 항목이 보이던데? 5년보관 도중 개인정보 털리면 책임 지실건가요? 적당히 합시다",9.0.6,7,"","꧁༒crazy༒꧂"
2026-01-18,5,"탈팡같은 헛소리는 무시하고 오늘도 쿠팡 씁니다~",9.0.6,4,"","?????"
2026-01-18,1,"진짜 최악임",6.7.2,7,"","민준"
2026-01-18,1,"탈퇴했는데 문자 오고 이메일오고 이건 위반 아님?",9.0.6,9,"","hashiruka48"
2026-01-18,1,"이번에 받은 쿠폰도 5000원 이하로 겨우 찾아서 사려고 했더니 20000원을 넘어야 로켓배송을 쓰거나 와우 회원이어야 하는것이 불편합니다.",9.0.6,2,"","정일성 (모질이 형제TV)"
2026-01-18,1,"싸가지가 없는 어플임",9.0.6,9,"","파트라슈"
2026-01-18,1,"저두 쿠팡 개인정보 당했었는데 저한테만 구매 이용권을 왜 안주는거죠",9.0.6,3,"","박주회"
2026-01-18,5,"쿠팡! 항상 응원하고 있습니다 화이팅",,6,"","정아름"
2026-01-18,1,"평점 주기도 아깝다 진짜",7.0.9,0,"","임은화"
2026-01-18,1,"진짜 약았다. 쿠팡이츠 쿠폰 준거 제대로 써먹으려면 쿠팡와우회원 가입하게 만듦. 주문하려면 결제방식 고를 때도 카드를 아예 등록시켜놓고 쓰게 만드는 창으로 아예 넘어가버림. 카드 촬영해야하는 창에서 계속 넘어가고 나서야 일반적인 카드사 웹/앱으서 결제 가능하도록 선택 가능해짐. 복잡한 시스템 잘 모르는 어르신들이 제일 많이 쓰는 게 쿠팡이던데, 카드 등록을 해놓게 해서 어떻게든 쉽게 돈결제 되게 만들어버리려고 용을 쓴다. 개인정보 유출된 주제에 이렇게 약아빠진 방식으로 유도하지 말고 시스템 고쳐라.",9.0.6,111,"","이응"
2026-01-18,3,"왜 쿠팡 보상권이 바로 적용되서 할인이라고 뜨는건가요. 기망인가요? 5개 장바구니 넣었다가 낚일뻔했네. 기분이 안좋네요. 이건 보상권이지 할인권 아닙니다 똑바로 합시다.",9.0.6,3,"","필현안 (나필현)"
2026-01-18,1,"ui가 왜 갈수록 불편해지는거지?? 상품페이지 상위버튼도 사라져서 상품구경하다가 올라가고싶으면 한참 손으로 노가다해서 올라가야하고. 주문내역 리스트도 짜증나게 변했고.. 왜 일부러 승질나게 구리게 만든 이유가 뭐지?? 유저입장에서 오히려 편해져야하는데 갈수록 불편하게 만드는이유? 뭐냐고 진짜.. 아까 여러개 주문했다가 계좌잔액부족으로 주문이 실패해서 재주문해야했는데, 와... 그 많은 상품갯수 하나하나 주문취소 시켜야하는데 개빡쳐서..ㅠㅠ 전엔 주문취소하고싶으면 여러개 통째로 취소하거나 체크해서 취소할수있었는데 이제는 다 하나하나 떨어뜨려놔서 너무 불편해짐. 제작년으로 돌려놓으라고!!!!! 작년부터 너무 불편해졌다고!!!!!!!",9.0.2,56,"","Vanilla Choi"
2026-01-18,1,"사과해라",,3,"","권서진"
2026-01-18,5,"정보는 짜장국 벌레가 훔치고 사과는 쿠팡이하고",9.0.6,3,"","성이름"
2026-01-18,1,"이번 개인정보 유출 사건 자체보다도, 사고 이후 쿠팡의 대응 방식에 큰 실망을 느꼈습니다. 대규모 개인정보 유출이라는 중대한 사안에 대해 이용자가 명확하게 이해할 수 있는 공지나 설명보다, 쿠폰 지급을 통해 간접적으로 인지하게 만든 점은 매우 부적절하다고 생각합니다. 개인정보는 한 번 유출되면 회복이 불가능한 정보이며, 그 가치와 위험성을 고려했을 때 쿠폰 형태의 보상은 책임 있는 대응으로 느껴지지 않았습니다. 이로 인해 플랫폼에 대한 신뢰가 크게 훼손되었고, 더 이상 개인정보를 맡기고 이용하기 어렵다고 판단해 사용을 중단하게 되었습니다.",9.0.6,5,"","김나은"
2026-01-18,5,"너무 좋아요",9.0.6,0,"","조경원"
2026-01-18,1,"악덕기업",7.5.4,7,"","재경김"
2026-01-18,4,"좋아요",9.0.6,0,"","차미라"
2026-01-18,1,"쿠폰 2만원짜리는 홍보이네요? 쓰지도 않는 플랫폼인데..",,5,"","하밤"
2026-01-18,1,"해킹사태에 대처능력이 국내1위 독보적 ㅡㅡ",,6,"","yunjin azac"
2026-01-18,5,"쿠팡 파이팅",9.0.5,2,"","김현석"
2026-01-18,1,"5천원 이용권 줬다고 문자보내고. 앱 깔게 만들고 로그인하고 가지가지 메뉴 찾아보게 만들고 결국 이용권 없음. 대단하네 정보유출 사고치고 그걸로 또 마게팅 이용하고. 그냥 전 가족 회원탈퇴다.",9.0.6,6,"","서군"
2026-01-18,1,"쿠팡 와우 가입유도가 너무 악랄하고 저질스러움",6.4.6,7,"","김게임"
2026-01-18,5,"물건 종류가 많음",9.0.6,1,"","JH J"
2026-01-18,1,"한국인 기만하는거임.?보상 좋아하시네.꼴랑 5만에 쿠팡 트레프 이런거도 안쓰는데 .명품.숙박들이 내는 비용도 비싸구만 꼴랑 5천원 뭐쓰냐ㅡㅡ?꼴랑 5만에 나눠서 주는거 뭐임? 생각이 그것밖에 못하나? 적어도 쓸수있게 좀더 보상 해야지..아주 기만하는구나.유출해놓고 나몰라라? 기한 한정도 4월달까지라니 ..웃기지도 않는다",9.0.6,6,"","정혜연"
2026-01-18,5,"항상 고맘읍니다",9.0.6,0,"","김지봉"
2026-01-17,1,"무조건 월회비 내라고 만드는거부터 답나온다. 이따구로 하니까 털지지 ㅉ",9.0.6,4,"","H J"
2026-01-17,1,"진짜 빡치네요 개인정보 유출당하고 탈퇴하고 5천원 준다길래 심심해서 깔아봤는데 아니 다른 이메일로 로그인했다고 유출된 계정이 아니라고 하네요..ㅋㅋㅋㅋ진짜 쿠팡 탈팡합니다..",,5,"","0820 song"
2026-01-17,1,"아니 쿠폰을 줬으면 쓰게해야지. 트레블 E쿠폰은 많이 쓰니까. 막아놨네. 아주 진짜 더티하기로 탑급이네.",9.0.6,6,"","장동광"
2026-01-17,1,"이번 쿠팡개인정보유출때 신용카드번호 ,신용카드비번,신용카드유효기간, 카드뒷면숫자세자리 이거 털린거라면 빨리 신용카드분실신고 재발급 받으시고 쿠팡에서 탈퇴하세요",,5,"","박병수"
2026-01-17,1,"평소에 긍정적으로 이용한 사용자입니다 하지만 이번 개인정보 유출사태 이후로 다른 플랫폼을 사용하게 되더라고요 대처도 나몰라라 식이고 해서 결국 탈퇴를 결심했습니다 하루 빨리 제대로 된 대처로 다시 맘 놓고 사용할 수 있는 날이 오면 좋겠군요",8.4.4,4,"","김박나눔"
2026-01-17,5,"사용불편",9.0.4,0,"","유성"
2026-01-17,1,"탈퇴했는데 문자 왜옴?? 개인정보 당해놓고 분리안함???? 코메디네 코메디야",,5,"","엘러리퀸"
2026-01-17,1,"한국인을 호구로 보는 쿠팡 미국회사 쿠팡 내 개인정보를 쓰레기 취급하는 쿠팡",,8,"","액숀딸기"
2026-01-17,1,"쿠팡에서 보내는 상품 샀는데 지들이 잘 못 보내놓고 품절이라 반품만 하라네. 교환 하겠다니깐 끝까지 반품하라고 앵무새짓함",9.0.6,6,"","이종민"
2026-01-17,5,"꼭필요한 앱입니다",9.0.6,3,"","종소Sam"
2026-01-17,4,"최근 본 상품을 볼수없어서 잘못 누른 상품이 알고리즘으로 떠서 많이 불편합니다 왜 쿠팡은 최근 본 상품목록이 없을까요 도대체 앱 관리를 누가하는지.",9.0.6,0,"","Ellie"
2026-01-17,1,"뭐 5000원 쿠폰 준대서 써보려고 깔았는데 5000원 딱 떨어지는건 죄다 와우가입 필수 걸려있네. 사과맞음?",9.0.6,7,"","둠칫두둠칫"
2026-01-17,1,"제대로 합시다 쿠팡..",,4,"","안윤호"
2026-01-17,1,"쓰레기",,7,"","김용석"
2026-01-17,1,"탈퇴했는데 마케팅 문자가 계속오네?",9.0.6,6,"","say ho"
2026-01-17,1,"개인정보유출이 빈번하게 일어남",,6,"","Yaoshi"
2026-01-17,1,"난 또 통합5만원 구매권인줄 알았더니 그냥 분할식이였네 ㅋㅋㅋㅋㅋ 빨리 매각해서 책임회피하고 도망가겠다는 심보 다 보인다 ㅋㅋㅋㅋㅋㅋ",,9,"","마르코"
2026-01-16,1,"얼척없네~ 5천원 쿠폰? 꼴랑-.-??? 탈퇴했는데..굳이 5천원때문에 가겠나-.-; 기분나빠서라도 안가겠다-.-;;",9.0.5,30,"","존재감없다"
2026-01-16,1,"“사장님, 제가 여기 회원인데요. 제 개인정보가 유출됐다는 안내를 받았습니다.” “아… 네 고객님. 그래서 보상 준비했습니다. 5만원이요.” “현금으로요?” “아뇨. 현금 드리면 저희가 손해죠. 저희 가게에서만 쓰는 쿠폰입니다.” “그럼 5만원 한 장이요?” “그건 너무 편하시잖아요. 네 장으로 쪼개드릴게요. 그리고 자주 쓰는 코너는 5천원, 나머지 두 코너는 2만원씩. 단골 코너는 어차피 또 쓰시니까요.” “근데 2만원 코너는 제가 잘 안 쓰는데요.” “그래서 2만원 드린 거죠. 안 쓰면 손해니까 쓰셔야죠.” “기간은요?” “3개월이요.” “남으면 환불은요?” “거스름돈은 없습니다. 2만원 쿠폰이면 2만원 이상 사셔야 해요. 보상은 드렸고, 모자란 건 고객님이 채우시면 됩니다.” “그럼 결국… 더 써야 ‘보상’이 완성되네요?” “네. 고객님도 손해 보기 싫으시잖아요. 저희도요.”",9.0.6,8,"","Young-il Kim"
2026-01-16,2,"탈퇴했는데 왜 자꾸 문자가 오는거냐? 개인정보유출이 기껏 물건사야 혜택보는 5만원이 전부냐?",7.6.2,6,"","oh cs"
2026-01-16,1,"쿠폰으로 국민들 조롱질하네ㅋ 합쳐서5만ㄱㅋㅋㅋ 실제로 잘 쓰지못하는 카테로만주네ㅋㅋ",9.0.6,6,"","맛동산"
2026-01-16,1,"아니 왜 결제수단 선택하면 웹으로 넘어갔다가 마이페이지 누르면 다시 앱으로 돌아가고 .ㅡ. 하 진짜 열받아서 못쓰겠네요 업데이트해서 최신버전인데도 승질나게 나중결제 독촉하더니 결제 어떻게하라고 이딴식으로 업뎃했는지",9.0.6,29,"","i B"
2026-01-16,1,"리뷰가 대부분 ai로 제작된 리뷰라 신뢰도가 떨어집니다",9.0.5,4,"","감좌"
2026-01-16,1,"이따위로 할거면 그냥 미국가서 장사해라 탈퇴하기 힘들었다. 탈퇴했는데 왜 계속 문자보내니 그만 헤어지자",7.1.2,15,"","민구"
2026-01-16,1,"쿠팡 개인정보유출 보상 이게 뭔가요? 매달 쿠팡회원비는 나가는데 잇츠 알럭스 트래블 다 안 씁니다. 구매 목록리스트만 봐도 알수있는데 쓰는 서비스 위주로 보상해줘야 하는 거 아니예요???? 나머지 안써요. 안쓴다고요",9.0.6,7,"","Jayᄏ"
2026-01-16,5,"항상 잘 쓰고있습니다.",9.0.5,5,"","김형조"
2026-01-16,1,"100%할인쿠폰이 있어서 물품을구매를 했는데 구매가 않된다고 뜨네요 이럴거면 주지마세요.",9.0.5,1,"","유지현"
2026-01-16,1,"사고에 대한 책임을 통감한다며 자화자찬하는 역대급 보상에 감탄해서 1점 드림",9.0.6,5,"","Jo P"
2026-01-16,1,"쿠팡 애용하는데요.해킹 유출 이후에 고가인 럭셔리관에서 2만원 준 거,쿠팡이츠,쿠팡 각각 5천원씩 준 거 진짜 실망입니다.대부분이 로켓프레시인데 와우 안하면 어떡하라고요...쿠폰 5천원줘서 거기에 맞추려고 했는데 19800원이 안되면 주문조차 안되네요.안녕히 계세요.",9.0.6,52,"","나슬"
2026-01-16,1,"납치하듯 사람들 낚아가는 배너 작작 만들어라.",9.0.5,3,"","레고"
2026-01-16,1,"사용자 기만 앱",9.0.5,5,"","-이남화"
2026-01-16,1,"1점도 주기 싫음 최악중에 최악 보상을 뭔 그딴식으로...더러워서 안 받음",9.0.5,5,"","양다은"
2026-01-16,1,"알리에서 5000원에 파는 똑같은 물건을 쿠팡에서는 15000원에 팔고 있더랔ㅋㅋ 심지어 쿠팡은 네이버 최저가보다 훨 비쌈ㅋㅋㅋ 그러면서 무슨 무료배송이네, 당일배송이네 어쩌구저쩌구. 그 돈이 다 물건값에 포함된 거야, 이 호구들앜ㅋㅋㅋㅋㅋㅋ",9.0.6,4,"","Xmas Mars"
2026-01-16,5,"Good",8.8.0,1,"","전옥녀"
2026-01-16,5,"짱.",9.0.5,2,"","신승환"
2026-01-16,5,"굿",9.0.5,2,"","이상건"
2026-01-16,1,"개인정보 유출하고 뻔뻔하네",9.0.5,0,"","도도"
2026-01-16,1,"쿠팡 빠르고 편리하네요~^^",9.0.5,2,"","김효정"
2026-01-16,1,"지들이 유출시키고 보상이라 하고는 무조건 조금씩 결제 해야 만드는게 맞냐 진짜 답이 없다 남자들 미용용품 쓰지도 않는데 그걸 2만원 주는건 생각이 있는거냐 진짜 답이 없다",9.0.5,3,"","홍진서"
2026-01-16,1,"개인정보 유출되도 소비자 우롱하는 쿠팡.. 니들이 뿌리는 쿠폰 안 받는다~!!",9.0.6,3,"","천준성"
2026-01-16,1,"쓰레기",9.0.5,3,"","hs y"
2026-01-16,1,"탈팡 탈팡 탈팡~~~♡",,3,"","Cho Nabbun"
2026-01-16,1,"역시 위에가 구정물이면 아래도 구정물",8.2.8,3,"","Gee Go"
2026-01-16,1,"말 많았던 보상안 그대로 실시하며 문자까지 보내길래 탈퇴후 삭제♥",9.0.5,3,"","Ami Super"
2026-01-16,1,"개인정보 ㅋㅋㅋ",9.0.5,3,"","노래하는대학생"
2026-01-16,1,"안녕하세요, 쿠팡입니다. 개인정보 유출사고에 대한 책임을 통감하는 마음으로, 불편을 겪으신 고객님께 구매이용권을 드립니다. ▶ 쿠팡 쿠팡 상품 5천원 구매이용권 ▶ 쿠팡이츠 모든 매장 배달 주문 상품 5천원 구매이용권 ▶ R.LUX R.LUX 뷰티 & 패션 상품 2만원 구매이용권 ▶ 쿠팡트래블 국내 숙박 & 국내 티켓 상품 2만원 구매이용권 ▶ 관련 안내 및 대상 여부 확인 세부내용은 쿠팡 앱/모바일웹/PC에서 확인 가능합니다. *쿠팡 5천원 구매이용권: 일부 상품은 구매이용권 적용에서 제외 *쿠팡트래블 2만원 구매이용권: E-쿠폰/호텔뷔페 및 일부 상품은 구매이용권 적용에서 제외 *본 문자 수신 고객에 한함(양도 불가) *APP 최신 버전에서 확인 가능 문자를 이렇게 보내고 막상 어플들어가면 아무것도없네 이런거 보내고 선심쓰는척 낚시좀 하지마셈",9.0.6,3,"","박창민"
2026-01-16,1,"인생에서삭제",9.0.6,3,"","philip baik"
2026-01-16,5,"❤️쿠팡❤️",9.0.5,1,"","ZzengGom L"
2026-01-16,1,"알림 푸시 하지말라고 확인을 백만번은 족히 한것 같은데 틈날때마다 동의 요청 하는거 진짜 개짜증나는거 모르나봐요?",9.0.5,1,"","Len S"
2026-01-16,5,"솔직히 쿠팡은 끊을 수가 없음 배달 빨리오지 불량품 환불해주지 다른데보다 거품 뺀 가격으로도 많이 팔지 요즘 개인정보 유출로 자꾸 말 나오는데 카톡 4천만 개인정보 동의 없이 넘긴게 훨씬 심한데 쿠팡은 보상이라도 해주지 통신 3사도 개인정보 유출 때 뭐 보상해준거 있음? 그리고 로켓배송은 한 번 맛보면 벗어날 수가 없는 듯..",9.0.5,2,"","유민호"
2026-01-16,1,"개인정보 가유출돼어 많이 싫해졌습니다!",9.0.4,2,"","NAGYEOM PARK"
2026-01-16,5,"쿠팡최고 항상 힘내시길~ 요즘은 더욱 더",9.0.5,4,"","가나"
2026-01-16,1,"왜 계정 탈퇴를 어렵게 만들어 놓은 건지 참...ㅋㅋㅋ 내 개인정보 값이 5천 원밖에 안 되더니? 능지 참",9.0.6,2,"","아아아"
2026-01-16,1,"별 한개도 아까운 그 인간",,3,"","sw lee"
2026-01-16,1,"쿠팡의 사과는 5000원을 넘지않아",,2,"","알비노"
2026-01-16,1,"다나와 같은 가격 비교사이트에서 링크 타고 들어가 물건 사려고 보면 와우회원 전용이라며 주문 못한다. 일반 회원이면 배송료 부담하고 구매할 수 있게 해줘야지.",9.0.5,1,"","김네모"
2026-01-16,1,"폭망중...",8.5.6,2,"","고영근 (IntoTheWild)"
2026-01-16,1,"쿠팡 개인정보 유출 보상이 5천원 탈퇴할래",,2,"","대한인민공화국"
2026-01-16,5,"쿠팡 화이팅",9.0.5,1,"","서희경"
2026-01-16,1,"개인정보 유출했다고 사과하는데, 유출하려고 한거라고 생각은 안하는데, 의심은 안들게 하던가, 사과라고 보상(?)이라고 뿌리는것는 5천원 정도에 쓰지도 않는 듣보잡, 해택(?)은 왜 주는것인지 궁금증 유발시키면서 가만보니 내 개인정보가 5,000원에서 5만원 수준밖에 안되는거 같아서 기분이 매우 안좋아져서 초록이 형이나 쓸랍니다 다시는 이용하고싶지 않네요",9.0.5,97,"","시마로마"
2026-01-16,5,"편리해ㅛ",9.0.5,1,"","강주영"
2026-01-16,1,"게임하다가 쿠팡 광고 나오면 개극혐! 혹시 경쟁사가 하는 광고면 성공적인 광고였다. 난 탈퇴!",9.0.5,2,"","장가"
2026-01-15,1,"정신차리시길",9.0.5,1,"","깐쵸는맛있다"
2026-01-15,1,"현시점 탈 쿠팡합니다. 이유? 지금 상황이 상황인데 대응이 어이가 없어서요. 그리고 배달이랑 명품 브랜드 합쳐서 쿠폰? ㅎㅎ 노이즈 마케팅할 속셈인건지 진짜로 사용자를 물로봐서 이러는진 몰라도 전 다른 곳으로 갈게요",,5,"","바위담비"
2026-01-15,1,"탈팡",,4,"","Luone Irru"
2026-01-15,1,"최악",9.0.5,4,"","성이름"
2026-01-15,5,"쿠팡정보유출 보상에 트래블에서 e쿠폰/호텔뷔페 국내티켓상품으로 보상2만원으로 기프티콘이나 그런거 살수있게 해주시면 안될까요?",9.0.5,1,"","강승민"
2026-01-15,1,"개인정보 유출",8.1.6,3,"","두둠칫"
2026-01-15,1,"보상안 이게 맞나.? 트레블 쿠폰 좀 대처가 이상하시내요 ㅎㅎ",9.0.5,4,"","정성호"
2026-01-15,1,"개인정보 보호받지 못하는 악질기업",9.0.5,5,"","눈꽃숑이"
2026-01-15,1,"쿠폰 해킹 안됐다고안줌 맞음? 다른위치에 로그인 됬다고 됐는데? ㅋㅎㅋㅎ 머임",,3,"","천상민"
2026-01-15,1,"쿠팡 제거 유출 안 된거 맞나요? 보상쿠폰도 못 받고 요즘 자꾸 스팸문자, 전화 자주 오고 짜증나네요",9.0.5,1,"","1 1"
2026-01-15,1,"이런 회사는 없어져야함.",7.7.6,4,"","문우정"
2026-01-15,1,"월회비 결제 해지했는데 왜 강제로 동의 없이 카드 등록했다고 바로 신청되나요? 이런 기능 삭제 좀 해주세요 저번달 결제 안됐음 일부러 안한건데.왜 악착같이 다시 결제를 하나요,,",9.0.0,1,"","민지은"
2026-01-15,1,"광고",,1,"","ares ares"
2026-01-15,1,"쓰래기 쿠폰.. 차라리 10000원으로 깔끔하게 주던가",9.0.5,8,"","임지성"
2026-01-15,1,"그따위로 장사할꺼면 한국에서 나가라",9.0.5,5,"","망했어"
2026-01-15,1,"한마디로 판매자들이 의심만 함 지들 의심하면 소비자들 피해 보든 말든 지들이 의심하고 소비자 가해자 만듬 소비자가 의심 받을짓 한것도 없는데 판매자들 미친거 아니냐 소비자 보고 어쩌라는거야 진짜 판매자들 강제로 의심하는거 경찰에 고발해야해 쿠팡 진짜 은근히 별로예요 수박도 덜익은거 줬으면 판매자가 책임지고 팔아야 하는데 썩은 수박 아니면 책임 못진다 하고 그래서 쿠팡 고객센타 문의하니 판매자가 그런식으로 쌍한거 아니면 책임 안진다 쿠폰 5000원 짜리로 줄테니 양해 부탄한다 더니 날짜도 짧은거 주고 보니 팬매자가 따로 있는게 아니라 쿠팡에서 판매 보내고는 따로 판매자가 있는거 처럼 물건을 파는거 같아요 소비자 보고 무적건 양해 부탁 이러는데 돈주고 제대로 수박도 덜익어 못먹고 쿠폰도 기간 짧은거 주고 소비자가 돈주고 손해 보면서 쿠팡 입장 생각해야 하나요 말도 안되는 소리만하고 11번가는 어떻게든 환불처리해주든지 결제취소 해주는데 쿠팡은 별로네요 소비자보고 이해만 요구하는 고객센타",,4,"","이세상에 진실한 사랑은 거짓말이다파란"
2026-01-15,2,"불편해요~",9.0.5,1,"","미션임파서블"
2026-01-15,1,"리뷰 조작이 진짜 많고,비싸고 하자많은 상품을 팖 사기꾼이 너무 많음 조그마난 회사에서 팔아도 얼마나 판다고 물건 하나하나 물건 리뷰가 5만개가 달려있음 ㅋㅋ 그런걸 잡으려는 시도를 하는지도 미지수",9.0.1,4,"","A537"
2026-01-15,1,"쿠팡 상장폐지 집단소송 축하합니다",9.0.5,5,"","ᄋᄋᄋ"
2026-01-15,1,"2026년1월14일에 새벽 배송으로 계란을 주문했는데 3개나 손상되서 왔어요...",9.0.5,2,"","김완호"
2026-01-14,1,"아니 와우멤버십을 해야 만구천원 아래까지 살 수 있다는데;; 굳이 이런 걸 왜 넣었는지 모르겠어요 그냥 그 아래로 다 살 수 있었으면 좋겠는데 왜 넣었지 저런걸?? 개불편해요",9.0.5,3,"","강민주"
2026-01-14,1,"탈팡했다! 내가 개돼지로 보이냐?",,6,"","욱일기는나치다!"
2026-01-14,5,"개인정보 유출로 인해 탈퇴하고 회원가입으로 하는데 아직 사용중이라 하여 비번 찾기에 들어가니 회원 정보가 없다고 하면 어떻게 해야하나요?",9.0.5,7,"","02 5"
2026-01-14,4,"쿠팡은 제가좋아하는게많아용",9.0.5,3,"","유나"
2026-01-14,5,"아주 유용하게 이용하고 있다, 털리기는 했지만 앞으로 조심하고 더욱 신중하고 친절하게 고객 관리에 집중해주길 바란다,",9.0.5,1,"","ssetler hwang"
2026-01-14,1,"안켜집니다 고쳐줘요",,1,"","권유미"
2026-01-14,1,"미국에서 장사 잘하세요ㅎㅎㅎㅎ",9.0.3,2,"","SHINH K"
2026-01-14,1,"진짜 그냥 쓰지마세요 폰바꾸고 오랜만에 구경하려고 쿠팡 로그인하려는데 이메일로했는데 그다음전화번호 절차에서 번호가 0000으로뜨고 처음에 전화번호로 로그인하려고 하면 듣도보도못한 네이버계정에 인증번호 갔다고하고 고객센터 전화번호로 문자 넣었어도 답장도 없고 회원가입하려는데 이미 쓰고있는 이메일이라면서 막히고 진짜 대쳐할수있는 사항을 하나도 안만들어둔 앱이에요 괜히 시간낭비하지마세요 한번 회원탈퇴도못하고 로그인도 못하고 이게뭔가요;;",9.0.5,11,"","정민호"
2026-01-14,1,"마이너스 별점 없어요?",9.0.5,5,"","문효숙"
2026-01-14,1,"쓸데없는 알림 표시되지 않게 하세요. 주문 배송만 알림오게 설정해도 혜택, 적립금 이런것까지 왜 반복해서 알림오게 만드는 고의적인 이유는 뭡니까? 왜 그러는거예요? 대체 왜? TV에서 회사 대표 증언하는것도 정상적인 인성이 아니던데 모든걸 판매와 연관짓는 이상한 회사네!!!",9.0.5,4,"","Sudjh djfudhs"
2026-01-14,1,"광고 실수로 누르며 앱켜짐",9.0.5,5,"","조재민"
2026-01-14,3,"내 개인정보!!!! 그리고 쿠폰을 무슨 다 낱개로 그지같이 줍니까 오만원 걍 주쇼!",8.8.7,2,"","까미까미"
2026-01-13,1,"고객센터 상담사들 교육 안시키나요?가족이중에 한참 어르신이시다 보니 잘모르셔서 자식인 내가 직접 상담을 하게 되었는데 제3자가 확인 할수 없으면 개인정보 강화로 안된다고 개인이 직접 상담해야한다고 한마디로 말하면 알아 듣고 끊겠는데 무조건 제3자는 안된다고만 말해서 왜 안되는지 물어보도 제3자는 안된다고만 말함 실~~ 컷 실랭이 하다가 뒤늦게서야 개인 정보 강화 문제로 그렇다고 얘기를 하네요? 실컷 실랭이하다가!!. 나보고 오히려 다른고객들은 안된다고 한마디만 말하면 그냥 끊는데 이런 고객은 처음이라고 뭐라나 ㅋㅋㅋ 저 말투가 비꼬듯이 얘기하고 하~ 내가 무슨 지 친구도 아니고 ㅋㅋ이런 상담사는 저도 처음이네요 어이가 없어서 이름까지 물어봤습니다 고객이 알아 듣게 설명을 해줘야 이해하고 끊지 무조건 안된다고만 말하면 되나요? 남자상담사가 말주변이 저리 없어서야..ㅉㅉ sk 고객센터 상담사들과 엄청 차이남",9.0.5,9,"","앙고라"
2026-01-13,5,"쿠팡 너무 좋네요ㅎㅎ",9.0.5,1,"","TP IN"
2026-01-13,1,"뭐야 업데이트 하자마자 먹통이네",9.0.5,2,"","Jeff shin"
2026-01-13,5,"최고에요",9.0.5,0,"","이민수 (이팀장)"
2026-01-13,1,"대처가 참...이건아니지않나싶다.그리고 후기보니 다 조작이고!",,6,"","냥이마미 (모리안)"
2026-01-13,5,"뭐지 예전에쿠팡을설치했는데 쿠팡플레이를설치하니까쿠팡을설치하고있는데뭐지 아무문제도없는데진짜뭐지",,0,"","끄투금지"
2026-01-13,1,"마이너스 백만점",,4,"","핑거포스"
2026-01-13,5,"쿠팡 화이팅 알리테무 절대안쓸거임 ㅅㄱ",9.0.5,8,"","네이치스"
2026-01-13,2,"배송 느려터져서 탈퇴했다 다시 옴 제발 정보관리 좀 잘해라 맨날 보안업데이트한다고 생색내면 뮈하냐 한번 터지면 대형으로 터지는데",9.0.5,1,"","KII MIN"
2026-01-13,1,"별 한 개 주기도 아까운 기업",,4,"","이성우"
2026-01-13,1,"개인정보가 아무리 공공재라지만 해도 너무하네",9.0.5,4,"","동동"
2026-01-13,5,"애국기업 응원합니다. 와우회원 로켓배송 덕분에 삶의 질이 많이 올라갔어요. 앞으로도 자주 애용하겠습니다.",9.0.5,7,"","유성"
2026-01-13,1,"탈퇴다 악덕기업",9.0.5,5,"","황동혁 (파산일보직전)"
2026-01-13,1,"앱이 눌러도 형성이 안되요",9.0.5,1,"","이hyun"
2026-01-13,1,"웰컴 쿠폰 왜 안 나옴?",9.0.5,2,"","현건"
2026-01-13,1,"개인정보수집을 그렇게 많이하는데 보호를 못함",9.0.4,3,"","min Lee"
2026-01-13,1,"생각보다 맛이없음 초코가 거의없음",9.0.5,1,"","임용순"
2026-01-13,1,"쿠팡 탈퇴한지 몇주가 지났는데 아직까지 내정보가 저장되어 있는 경우는 왜 그런걸까여? 이메일 주소와 비밀번호가 그대로 있던데...",9.0.5,1,"","sara"
2026-01-12,5,"좋아요",8.9.7,1,"","차정은"
2026-01-12,1,"탈팡",8.8.8,2,"","서린"
2026-01-12,5,"쿠팡 짱!!!",8.9.7,1,"","동글동글동글"
2026-01-12,5,"쿠팡 최고 쿠팡 화이팅 쿠팡 응원해요!",8.9.7,3,"","Soo KANG (룰루)"
2026-01-12,1,"아니, 쿠팡 유출도 되고 업뎃 이후로 사고 싶은 거 사려고 하면 로켓와우로 구매 이렇게 뜸 와우안하고싶은데 그럼 못 삼 짜증 남 스트레스받음. 일 년에 쿠팡 3번 쓸까 말까 한데 와우하면 걍 돈만 날림 또 와우하고 해지하고 또 와우하면 개 번거로움 그냥 돈 쓰게 두세요! 와우 필요 없음",9.0.5,3,"","영은"
2026-01-12,5,"쿠팡 응원합니다! 테X 알X 보다 배송도 빠르고 안전합니다. 가짜뉴스에 속지 않습니다. 미국기업 화이팅!",,6,"","coc킬러"
2026-01-12,5,"쿠팡만한게 없다",,2,"","김준혁"
2026-01-12,5,"택배기사 싱품분실시 전혀책임을 묻지않은 쿠팡에게 감사드립니다 선진국으로 한걸음 발돋움 돼었습니다",9.0.5,0,"","덕분입니다"
2026-01-12,1,"최근본 상품을 왜 없앰? 그거만 없앤다고 보안이 강화되는줄 아나보는데 ? 그거랑은 상관1도 없고 오히려 더 불편하게 하네요 실수로 나가기 하다 그 상품을 찾라 하거나 갑자기 최근에 본 상품이름은 생각 안나고 사진만 생각나는데 그 칸이 있을때는 바로 바로 찾아서 좋았는데 그거 없어지니까 찾는데 시간 잡아먹다 결국 짜증나서 찾기 포기합니다 진짜 너무 불편합니다 다시 원상복귀하세요",9.0.5,58,"","송재영"
2026-01-11,1,"계속 쓰기에는 내 존엄성과 자존심의 가치가 너무 높다",9.0.4,7,"","Jospolos Achels"
2026-01-11,5,"쿠팡 너무 좋아 없으면 못 살아",9.0.4,3,"","J I A"
2026-01-11,5,"저는 다른 쇼핑몰 한번씩 검색하는데 달달이 등록비 없어도 제가 찾는건 없거나 비쌈.(제가 쿠팡에 괘씸한건 그 외국인 바지사장단의 동문서답과 또다른 김대표의 이상한 핑계로 도망다니기 바쁜 행태)좀 패주고 싶음. *저는 새벽배달이 아니어서 더 좋음(그래서 오후에만 배달되길 바람)♡",9.0.5,3,"","장순자"
2026-01-11,1,"1월 8일 업데이트가 있었나보네요. 제주도인데 원래 배송 안되면 체크가 안되야하는데 결제하기 넘어간 후에야 배송 안되는 제품 있다고 뜨고, 구매하려고 체크한 제품들이 품절 상태가 아닌데 체크가 취소되요. 아까 체크했으니 결제되겠지하고 확인하다보면 자꾸 체크가 풀려있어요.",9.0.5,32,"","율율"
2026-01-11,1,"쿠팡 하는 꼬라지도 별로인데 광고도 극혐이라 지움. 광고 끄려고 하는데 꼼수부려서 상품 터치되게 만들고 자꾸 앱 켜져서 광고 볼 때마다 빡쳐서 삭제하니까 구글플레이만 켜지고 끝나서 편함. 너네 광고 그딴식으로 계속 하면 다신 절대 안쓴다.",7.9.6,7,"","이주헌"
2026-01-11,4,"좋아요.",9.0.5,2,"","D H Kim"
2026-01-11,5,"가지마ㅜㅜ쿠팡없음 못살아",9.0.5,1,"","Hailly Sim"
2026-01-11,1,"쿠팡탈퇴 안되게 막아놨나요? 앱들어가 개인정보 수정들어가던게 막혀서 탈퇴가 안되는데 이거 확인해주셔야겠는데요 이거 이슈화 안될려면 확인해주세요",9.0.5,8,"","앙마동화"
2026-01-11,1,"꺼져라",9.0.5,8,"","마레키리토"
2026-01-11,1,"왜 결제만 하려하면 앱에 이상이 감지되었다고 뜨죠?",9.0.5,2,"","SB L"
2026-01-11,5,"저는 선동 당하는 개돼지가 아니라 영원히 쿠팡과 같이 가겠습니다. 선동당하는 애들 나가니 더빠른 배송되겠네요 :)",9.0.5,10,"","헬싱키"
2026-01-11,1,"여러분 로켓프레시 절대 이용하지 마세요!! 차라리 이마트 홈플러스 등의 대형마트 주문이 훨씬 편리합니다. 주문고객에게 계속 불편을 주는 전체 주문상품들을 갖다가 따로 따로 포장하는 형태가 개선될 때까지는 이용하지 말아야 합니다...",9.0.5,40,"","ロケ"
2026-01-11,1,"뭐라고?! 뭐라고?!?! 뭐라고?!?!?! 뭐라고?!?!?!?!?!?!?!?!?!?! 와우 아니면 결제가 안된다고?!?!?!?! 제가 공짜로 달라 한것도 아니고 돈 주고 사는데 와우가 아니면 결제가 안돼?!?!?!?!?!?!?!?!",7.8.7,3,"","a se"
2026-01-11,1,"쓰레기 회사",9.0.0,6,"","누나나죽어"
2026-01-11,1,"쓰레기",9.0.5,5,"","mse mse"
2026-01-11,1,"연동 광고가 너무 심함. 개인 정보 유출로 불안해서 못씀.",8.2.0,6,"","심해속파란인형"
2026-01-11,3,"업데이트하니 찜한 상품 보기 이미지가 너무,커서 불편해요 ㅠ ㅜ 원래대로 작게보게 설정되게 해주세요!",9.0.5,5,"","SA_Seoul M"
2026-01-11,5,"편리하고 좋습니다",9.0.4,2,"","--"
2026-01-10,1,"구매시마다 불량품 기스도 있고 매우 불편한 시스템 가지고 운영 새제품으로 많은것도 아니고 택배포장 마음에 안들게 보내주거나 여러모로 불편한점이 있어 별점 1개 요런곳은 처음때보다 고객만족도 점점 떨어지는곳",9.0.5,3,"","김GT"
2026-01-10,1,"찜리스트 카테고리랑 최근 본 상품 왜 없앴냐",,5,"","구볼"
2026-01-10,1,"아니ㅋㅋㅋㅋㅋㅋ 멤버쉽 가입안하면 20000원 이상 구매해야 구매 되는게 말인가 진짜 그지같이 만들어놨네영",9.0.5,10,"안녕하세요 고객​님, 쿠팡입니다. 쿠팡 이용에 불편을 끼쳐드린 것 같아 마음이 무겁습니다. 안타깝게도 현재 작성해 주신 내용만으로는 정확한 문제 확인이 어려워 먼저 고객님 휴대전화의 현재 상태 및 데이터 환경을 체크 부탁드리며, 아래 단계 진행 후에도 문제가 지속될 경우 고객센터로 문의해 주시면 담당자가 확인 후 안내해 드리겠습니다. - 최신 버전으로 업데이트 - APP 삭제 후 재설치 - WiFi/LTE 설정 변경 후 재시도 서비스 이용에 불편함이 없도록 최선을 다하는 쿠팡이 되겠습니다. - 365일, 24시간 운영되는 전화(1577-7011) 또는 채팅 상담 감사합니다. 쿠팡 드림","예지ᄂ"
2026-01-10,1,"쿠폰 뿌리는 방식 보고 충격 먹음",9.0.5,3,"","청명러버"
2026-01-10,3,"일시적으로 사용자가 증가했다며 서비스 접속이 안된대요 몆주째 계속 이러는데 좀 고쳐주세요",9.0.5,1,"","dw k"
2026-01-10,5,"이젠 쿠팡없이는 못살것같아요!!! 쿠팡을 살려야합니다!!!!!",9.0.5,9,"","진바리스"
2026-01-10,1,"최근본상품 탭 없앤다고 이미 일어난 유출이 없어지진 않아요... 다시 돌려놓으면 5점드림",9.0.5,4,"","s ss"
2026-01-10,1,"쿠팡도 이미지검색있으면 좋을것같아요",9.0.4,2,"","김윤곤"
2026-01-10,1,"미국기업이라서 좋습니다.",8.8.1,1,"","이상돈"
2026-01-10,5,"빠르게 오고 제품이 좋습니다.역시 쿠팡~^^",8.0.4,4,"","이정희"
2026-01-10,1,"회사가 좀 ....",9.0.5,4,"","박찬범"
2026-01-10,1,"탈팡완료",8.0.0,4,"","해인"
2026-01-10,5,"광고만 억지로 안뜨면 더 좋은 어플될듯",8.9.3,3,"","꼬요"
2026-01-09,1,"납치하지마라 광고로 돌아버리겠네 쓰레기같은앱",9.0.5,6,"","ᄀᄀ"
2026-01-09,1,"최근 일련의 사건으로 크게 실망했습니다.",9.0.5,4,"","말랑곰동"
2026-01-09,2,"쿠팡은 참 해킹만 아니였으면 좋은데..",,0,"","처음부터새롭게다시시작"
2026-01-09,1,"아니 로그인하는데 전화번호도 못쓰고 이메일도 안 보내주고 이건 쓰지 말라는거지?",,1,"","유승조"
2026-01-09,1,"최악의 경험이네요",8.4.1,4,"","김석진"
2026-01-09,1,"토스뱅크를 사용하는데 물건을 샀을때 더 싸고 이쁜걸 찾아서 환불하고 다른걸 사려했지만 토스뱅크가 은행설정하는 것에 없어서 환불을 못받고있습니다.",9.0.5,2,"","황금망고"
2026-01-09,1,"데이터 요청에 실패했습니다. 오류는 어떻게 해결하나요? 삭제 후 재실행되어도 로그인할 때마다 안내문구가 뜨며 로그인이 안됩니다. 어플이 아닌 웹이나 pc로는 로그인이 정상적으로 되네요.. 🤔",9.0.5,5,"","이민용"
2026-01-09,1,"개인정보 유출 아 진짜 나쁘네",9.0.4,1,"","남정숙"
2026-01-09,1,"최악",8.0.0,3,"","RIO KAR"
2026-01-09,1,"정보를 그따구로 털려놓고 사과같지도않은 사과문에 5만원 보상해준다고하면서 광고하고 뭐하자는거야 어쩐지 자꾸 쿠팡 명품어쩌구 광고가 뜨더라 에휴",9.0.4,15,"","llilli llii (llililliil)"
2026-01-09,3,"약속시간철저&본인가족에[앞으로도 계속 믿고 맡길수있도록 잘부탁드리며 응원] 직접전달&야무지게 상품을 포장해 ♥︎파손없이 갖다주셔서 ♥︎대단히 고맙습니다♥︎//배달기사(그래도 상담전화 친절&약속시간과 이상없는 물품상태는 다행) 연락처와 이름부터도 안나오고, 배송상황까지 고객이 눈치살펴야 되나, 문앞땅바닥 쳐던져두고 그냥간다(수시로 사이트들가봐야되고,배송도착후에야 나오고 _; 해서 중요한거를 계속 거래하기는 불안!! 어디쯤인지 위치파악도 안되고, 잃어버리거나 다른사람이 가져가면 책임질건가!?상당히 성의없는 태도와 심보들이 의문스럽게 불쾌아쉽!!이럴까봐, 분명히 직접전달및 전화나문자달라고 한건데//아무리 세상이 험난하다지만 이건아니지, 연락기록은 주고받아야지, 물건잘못된후 복잡하게 일하지 말고ㅉ배달들이 물려내고 회사들이 욕먹는 이유를 이해하겠다;-(이제는 안그럼)>본인에게 직접전달싫으면, 잠안자고 대문열어두었으면 집안에 마루위 갖다주어야죠~;?!이동네 거지많다고!",8.6.0,4,"안녕하세요 고객​​님, 쿠팡입니다.배송인원의 미흡한 배송으로 실망하셨을 고객님을 생각하니 마음이 무겁습니다. 말씀해 주신 내용은 쿠팡 친구를 관리하는 담당 부서로 전달하여 개선해 나갈 수 있도록 노력하겠습니다. 고객님께서 저희 서비스를 이용함에 있어 불편함이 없도록 최선을 다하는 쿠팡이 되겠습니다. 혹시라도 지원이 필요하신 경우 고객센터로 문의 부탁드립니다. - 365일, 24시간 운영되는 전화(1577-7011) 또는 채팅 상담 감사합니다. 쿠팡 드림","감은덕 (행복홧팅고업하트윈)"
2026-01-09,5,"사람들 왜케 불만이 많은지.. 쿠팡만큼 혜자어플 또 없는데 바라는게 많아, 잘쓰고있습니다",9.0.4,6,"","김민재"
2026-01-09,1,"링크 연결 에러",9.0.4,3,"","KANH"
2026-01-08,5,"코팡이 있어 생활이 편리합니다",9.0.4,3,"","Hgs min Pak"
2026-01-08,1,"후 아니 핸드폰을 시켰는데 갑자기 재고문제가 있다며 연락 다시 주겠다더니 안와서 기다림 근데 그냥 배송 왔길래 보니 색깔 기종 싹 다 다른게 옴 이게 맞음?? 아니 몇일이나 기다렸는데 이번만 잘못 온게 아니라 저번에 핸드폰 시켰을때도 주황색으로 오고.. 진짜 잘 좀 해주세요.",9.0.4,2,"","이무지개"
2026-01-08,1,"혹시 개발자분 가정교육 받으신거 맞나요? 버튼 한번만 눌러도 바로 절차없이 와우회원 결제되게 한것도 잘 못다루는 사람이면 당황할만 한데, 해지하려고 하면 혜택이 사라진다느니 뭐니 겁을줘서 왜 사람 헷갈리게 하시나요? 다시 생각해도 화나네요 그따구로 장사하지마세요. 할머니가 손자 불러서 ""아이고 아들 갑자기 쿠팡에서 7000원을 쳐@뜯어갔는데 어떡해?"" 하는 그림이 상상이 안되나요?",9.0.4,4,"","시프"
2026-01-08,1,"쿠팡 화원가입 탈퇴했는데 왜 가입비가 빠져나갔는지???",8.7.6,4,"","곽병민"
2026-01-08,5,"쿠팡 화이팅",,4,"","임종민"
2026-01-08,1,"직원 사망, 개인정보 유출",8.5.0,5,"","Ji Han Lee"
2026-01-08,5,"쿠팡 힘내라",,5,"","HANKOOK 2025"
2026-01-08,1,"구매내역 삭제 안해주고 와우 남은기간 해지 환불 1도없는 이상한 곳",9.0.2,17,"","MH J"
2026-01-08,1,"이제 안씁니다. 고객을 어떻게 생각하는지 잘 알게되는 계기였습니다. 아 그리고 리뷰에 ㅋㅋㅋㅋ 알바생들인지 그냥 호구들인지 ㅋㅋ 응원한다는 사람들 있는데 인생 개멋있네요 ㅋㅋㅋㅋ",9.0.4,12,"","gww K"
2026-01-08,5,"판매량순 정렬 왜 삭제했나요? 사기꾼들 더 판치게 하려고? ㅋ",9.0.4,1,"안녕하세요 고객님, 쿠팡입니다. 이용 중 불편하셨을 텐데, 소중한 시간 내어 개선 요청해 주신 점 감사드립니다. 상품 검색 시 상단에 있는 [쿠팡 랭킹순▼] 을 누른 후 4번째 판매량 순 선택 시, 판매량에 의한 정렬로 확인하실 수 있습니다. 쿠팡 이용에 불편함이 없도록 보다 개선된 모습으로 찾아뵐 수 있도록 노력하겠으며, 추가로 전달하고 싶은 의견이 있으신 경우 언제든지 고객센터로 문의 부탁드립니다. - 365일, 24시간 운영되는 전화(1577-7011) 또는 채팅 상담 감사합니다. 쿠팡 드림","JEET KWON DO JUNG"
2026-01-08,1,"소비자를 기만하는 기업",8.2.5,6,"","김유진"
2026-01-08,1,"이제.끊어버리자.",8.0.1,5,"","킹스맨pro"
2026-01-07,5,"쿠팡 힘내요!!!!!",,3,"","문소영"
2026-01-07,3,"반품처리가 넘안됨 중국앱 쓰는거보단 나을거같아서 쓰지만 소비자에대한 배려심이 부족한듯",9.0.4,1,"","김철준"
2026-01-07,1,"역겹",9.0.4,6,"","박준일"
2026-01-07,2,"와..;;아니 결제 버튼 누르면 바로 결제 되는게 조금 놀랍네요. 제가 통장에 있는 돈을 다른 데로 옮겨놔서 망정이지 한 번 눌러봤다가 바로 7천원을 강제로 낼 뻔했내요. 이거 시스템 개선해주셨으면 합니다. 저번에도 상품 구매할 때 고민하다가 잘못 누른 거 때문에 바로 결제돼서 너무 식겁했거든요. 이거 진짜 잘못된 시스템 같아요.",9.0.4,81,"","핸찌"
2026-01-07,5,"잘 사용하고 있어요 제조국 표기를 눈에 확 들어오게 만들어 주시면 좋겠다는 바램입니다",9.0.4,3,"","Gabriel"
2026-01-07,1,"난 떠날련다",9.0.4,7,"","김퉈끼"
2026-01-07,3,"제가 살려는걸 살려하면 다 와우회원을 가입해야 하더군요.. 이런 점 좀 개선해주시면 감사할 것 같네요..",,0,"","강으너"
2026-01-07,1,"히도이용...",8.6.9,1,"","Cat Wiggly"
2026-01-07,1,"탈팡이지 모...",9.0.4,7,"","아재왕"
2026-01-07,1,"아주 불친절하고 고객정보 유출시키는 회사",9.0.4,8,"","차닝(차닝)"
2026-01-07,1,"이 앱을 쓰면 개인정보 탈취 위험이 있어, 공익의 목적으로 리뷰를 씀",7.9.4,8,"","김상"
2026-01-07,5,"쿠팡 너무 좋아요 사랑해요",9.0.4,2,"","최예솔"
2026-01-07,2,"제 전화번호가 바뀌어서 제 개인설정에 들어가서 전화번호를 바꿀려고 하는데 로그인 후 이용할 수 있습니다! 라고 같은 메시지만 반복해서 나오네요 이미 계정 로그인이 되어있으니까 설정 들어가서 바꾸려는건데 중복 로그인을 시키려는 것도 아니고 이게 무슨 어불성설인지 모르겠네요 계속 제 이전 전화번호로 알림이 가게 되는데 어떻게 해결해야할 지 모르겠습니다",9.0.4,18,"","Apor"
2026-01-07,1,"역겨운게 쿠폰을 카테고리 나눠놓고 몇천원씩 짤짤이로 뿌림ㅋㅋ 보상 선심쓰는척 돈이나 더 쓰라는 뜻",9.0.4,8,"","채피"
2026-01-07,5,"쿠팡을 응원합니다",9.0.4,2,"","Sanghyun Moon"
2026-01-07,1,"안 쓴다고는 못하겠지만 일단 깔껀까고",9.0.4,1,"","모현우"
2026-01-07,5,"선동이 이리 무섭네요 리뷰들이 ㄷㄷ 이 기회에 한번쓰고 반품하는 그분들이 사라지기를",9.0.4,8,"","J K"
2026-01-06,1,"자동업데이터를 체크 했어도 안됌. 항상 수동으로 업데이터 설치. 업데이터 할때마다 랙이 생김,필요없는 광고나옴, 내 프로필,닉네임 초기화로 바뀜, 문자알림(알림설정해도) 오지 안음. 항상 앱으로만 알림메세지 뜸, 매번 문제가 하나씩 생김! 꾸준하지 못한 쿠팡! 매번 같은 문제로 스트레스주는 쿠팡! 언제쯤 꾸준히 신경 안쓰게 해주실껀가요! 관리는 과연? 제대로 하는거 맞나요? 개인유출이나 당하고..ㅡㅡ 심각하너요!ㅡㅡ 문제가 많은쿠팡! 과연? 안심하고 계속 사용할수 있는지?ㅡㅡ 매번 신경쓰게하고 스트레스를 주시네요..ㅡㅡ",9.0.4,46,"안녕하세요 고객​​님, 쿠팡입니다. 앱 이용 중 불편 겪으셨을 고객님을 생각하니 마음이 무겁습니다. 쿠팡 앱 내부 광고의 경우 고객님들의 편리한 쇼핑을 위해 제안해 드리고 있으나, 이를 원치 않으실 경우 고객센터를 통해 문의해 주시면 신속히 도움드리겠습니다. 인터넷 사용 중 광고 또는 그 외 광고로 불편 겪고 계신 경우 번거로우시겠지만 고객센터로 문의해 주시면 정확히 확인 후 안내해 드릴 수 있도록 하겠습니다. - 365일, 24시간 운영되는 전화(1577-7011) 또는 채팅 상담 편리한 이용 환경을 제공할 수 있도록 항상 노력하는 쿠팡이 되겠습니다. 감사합니다. 쿠팡 드림","가을남자 (하늘바라기)"
2026-01-06,1,"탈팡",,4,"","김k009nom@daum.net"
2026-01-06,4,"실시간 위치 넣어라 좀 어렵냐 그게 최근 본 상품 넣어라 좀 어렵냐 그게",,0,"","처음이라아퍼"
2026-01-06,1,"삭제했습니다.. 정말 실망이 크네요..",9.0.4,4,"","이태희"
2026-01-06,5,"편하고 싸고 좋아요",9.0.4,3,"","dow Sh"
2026-01-06,1,"모바일은 마이쿠팡 한달단위로 볼수있네",9.0.4,1,"","mr k"
2026-01-06,5,"쿠팡 화이팅!!ㅁ ㅕㄹ ㄱ ㅗㅇ.. 알리,테무XX쿠팡 애용OO 쿠팡 최고!!쿠팡잘못 1도 없다!!!",9.0.4,4,"","박성빈"
2026-01-06,1,"신속배달 양호",8.9.2,0,"","동이"
2026-01-06,1,"한국을 호구로 생각하는 쿠팡은 아웃",9.0.2,11,"","report bug"
2026-01-06,1,"불편함",9.0.4,2,"","HS K"
2026-01-06,1,"최악",9.0.4,3,"","김혜연 (고구마가기다려)"
2026-01-06,1,"업데이트되고 주문내역이 불편하게 됐네. 업데이트 하기전이 클릭 한번에 얼마썼는지 주문한 상품이 뭔지 딱 나왔는데 업데이트하고나서 주문내역 찾을려고 몇번을 눌러서 들어가야 되네. 왜 일을 어렵게 만들지?",9.0.4,24,"","안태훈"
2026-01-06,5,"직장인이라 바쁜저에게는 쿠팡이 아주유용한 백화점이고 마트고 재래시장이고 때로는문방구고 케텐집,철물점,골프삽,그릇집,빵집,생선가게,반찬집,식자재마트(명절째 식자재 장보기 딱이예요ㅋㅋ) 급하게 필요한 물건도 검색하면 다음날바로 무거운짐들도 무료배송으로 집앞에까지 떡하니 가져다주시고 늘감사할따름입니다~ 혹시,맘에들지않거나 하자부분이 있을시는 반품이나 교환처리도 바로바로처리해주시는 배려는 구매자입장을 생각해주셔서 넘좋았습니다~구매후 적립되는 포인트도 마니마니괜찮은듯했는데ㅠ 이번 사태는 정말유감이지만 그동안 믿고쌓았던 신뢰로 저는 한번만더 쿠팡을 믿어볼까 합니다~ 그래야 또 쿠팡에서 고생하시는 모든분들도 힘이나실꺼 같거던요^^~(제개인적 의견입니다) 다들 힘내시길 바랍니다!!^^",9.0.4,24,"","이숙희"
2026-01-06,1,"카페,기사까지 점령한 낚시성 광고글도 지긋지긋했는데 개인정보 유출에 뻔뻔한 태도, 납품업체 가격 올리라는 행태까지 ㅋㅋ 막장중에 막장이라 탈팡합니다. 굿바이",9.0.4,17,"","ira Za"
2026-01-05,2,"업테이트바뀌고나서 더불편함 배송조회도그렇고 주문취소할려고하면 하나씩취소해야함 전에는 주문한번에취소가됐는데 업데이트하고나서 주무취소할때 일일히 하나씩다취소해야됨 너무불편함",9.0.4,0,"","박혜미"
2026-01-05,1,"화면확대는 갑자기 왜 안되게 해놨을까?",9.0.4,0,"","always"
2026-01-05,1,"탈퇴",9.0.4,4,"","ᄋᄌ김"
2026-01-05,5,"쿠팡 화이팅!!!",9.0.4,2,"","오진욱"
2026-01-05,1,"그래. 한국에서 장사하기 싫다는데 무슨 말을 하겠냐. 난 가련다.",9.0.4,10,"","김금례"
2026-01-05,2,"나는 와우회원이고 아내는 일반회원인데 아내가 와우회원은 더 싸게되냐며 링크를 보내줬는데 더 비싸더라능~~~ 내가 뭐하러 매달 9000원 가까이 돈을 내야하는지 모르겠슴",9.0.4,0,"","유일식"
2026-01-05,5,"점점 올라오는 상품들이 형편없어지고 사기성 물건도 많음 진짜 깔보는 걸까요 쩝",9.0.4,2,"","이재홍"
2026-01-05,1,"악덕기업... 한국에서 꺼져라",9.0.4,5,"","시크룰루"
2026-01-05,5,"비상계엄을 선포합니다",,2,"","정준성"
2026-01-05,5,"쿠팡와우 해제 신청",9.0.4,1,"","임지원"
2026-01-05,1,"배송건으로 상담요청하면 맨날 미안하다 개선하겠다 말만하지 개선 1도 안됨 쿠팡기사들은 왜 요청사항을 안보지?",9.0.0,3,"","윤지원"
2026-01-05,5,"아주좋은 흔들리지 맙시다!",9.0.4,5,"","kij7353"
2026-01-05,2,"최근 1~2년간 무언가 구매할 필요가 생기면 쿠팡 앱을 먼저 열게 됩니다. 최고입니다.",9.0.4,3,"","tony Kim"
2026-01-05,4,"좋아요",9.0.4,1,"","박진백"
2026-01-05,5,"애국 보수 쿠팡 화이팅",,5,"","oname N"
2026-01-05,3,"쿠팡 앱이 다운이 안됩니다 ㅜㅜ",8.0.3,0,"","달팽이"
2026-01-04,1,"진짜 이번에 느꼇습니다 별로네요",8.5.8,3,"","민규최"
2026-01-04,5,"쇼핑 하기. 편하고 빠르고 가격 도 저렴해서 좋아요.",9.0.4,2,"","임민기"
2026-01-04,1,"사기꾼",,8,"","LUCKIESTMAN"
2026-01-04,1,"탈팡 ㅅㄱ",9.0.4,7,"","강승비"
2026-01-04,1,"개인정보 빼가고 보상도 제대로 안하네ㅉㅉ",,7,"","김주호"
2026-01-04,1,"다시 쿠팡 등록하려는 안됌",9.0.4,0,"","김혜민"
2026-01-04,5,"쿠팡 뽜이팅~~~!!!",9.0.3,5,"","강정현"
2026-01-04,3,"최근들어 상품상세에서 핀치줌이 안될때가 많습니다. 깨알같은 설명을 읽을수가 없을때도 많습니다. 빠른 개선바랍니다.",9.0.4,1,"","Isaac Harry"
2026-01-04,1,"탈팡",,8,"","K"
2026-01-04,1,"우리 국민 개인정보는 공공재~^^",8.4.1,4,"","여름싫어"
2026-01-04,1,"정말 사용이 불편합니다.",9.0.3,2,"","푸른나무"
2026-01-04,5,"중국 알바들 진짜 많네요ㅎㅎ? 평점 선동 대단하네?5G네요 진짜ㅋㅋ 뒷 돈 참 좋은가보다?",8.9.8,7,"","운재"
2026-01-03,1,"악덕기업",8.5.8,12,"","게임용계정"
2026-01-03,5,"일부러 쿠팡 사용하고자 깔았습니다!!!!!!!!쿠팡 화이팅♡",9.0.4,7,"","크림푸들김크림"
2026-01-03,5,"상품이좋아요",9.0.3,4,"","한경숙"
2026-01-03,1,"아쉽네요...타플랫폼으로 옮기기로 결정했어요 ㅠㅠ",9.0.3,11,"","D D"
2026-01-03,1,"씹팡아 광고 죡같은거 그만좀 만들어라",9.0.4,14,"","동동"
2026-01-03,5,"개인정보 털린건 정말 기분이 나쁘지만 솔직히 제 개인정보는 이미 카드사든 어디든 안털린곳이 없어서 이제 기분이 나쁘지도 않아요 빨리빨리 배송되는것도 좋고 품질도 좋은게 많아요!",9.0.4,10,"","윤지수"
2026-01-03,1,"화장품 시키니 실링 다 뜯어져있는 가짜가 옴 쿠팡 바이바이",6.9.4,5,"","임사랑"
2026-01-03,1,"최악의 회사",,11,"","이그럴만두하지"
2026-01-03,5,"쿠팡없이 어케 삶?",9.0.4,4,"","Kate"
2026-01-03,1,"개인정보 유출후 처리하는게 나몰라",,11,"","Jgh G"
2026-01-03,5,"쿠팡 힘내요!!!!!!!",9.0.3,4,"","greenteamountain"
2026-01-03,1,"로그인되있는데 지문로그인 왜계속뜨냐 빡치게 결국 비번찾아서 했는데. 지문으로만뜨고 비밀번호로그인은 뜨지도않네 뭐냐고 대체",9.0.4,4,"","아잉듀오"
2026-01-03,1,"회원탈퇴 완료. 대체할 쇼핑플렛폼은 충분하다",9.0.3,13,"","민경민"
2026-01-03,5,"이번 사태로 인해 거지들과 간첩들을 구분하게 해주셔서 정말 감사합니다~더욱 열심히 사용할게요 쿠팡♡ 그리고 보상 뭐하러 해주시나요 안해줘도 그만인데 거지급여충 빨갠이들 탈팡한다더니 쿠폰준다니까 다시 가입 처한답니다 ㅋㅋㅋ",8.8.7,10,"","뚝배기딱대"
2026-01-03,1,"오늘 처음 쿠팡을 깔아서 회원가입을하려고하니까 이미 제 전화 번호랑 같으신분이 가입해서 가입이 안된다고하는데 어떻게 해야하나요.",,3,"","이하나"
2026-01-03,5,"배송 빠르고 좋아요 그나라 앱 아니라서 더 좋음",9.0.3,4,"","푸르미르"
2026-01-02,5,"👍",9.0.4,2,"","하진숙"
2026-01-02,1,"쿠팡 탈퇴했다 다신 안쓴다",9.0.4,12,"","주수환"
2026-01-02,4,"다들 알리, 테무 쭝꿔짝퉁 싸구려 제품 쓰시면서 살길바랍니다~ 꺼져라~ 알리 테무 친원에 팔아도 안쓴다. 쿠팡이 백배 천배 좋지",9.0.4,9,"","주현"
2026-01-02,1,"한국에서 꺼져",,9,"","강지훈"
2026-01-02,1,"오랜기간 애용했건만 최근 태도를 보고 탈퇴하고 앱삭제했음. 이땅에서 사업하면 안될듯..",8.8.7,12,"","노장하"
2026-01-02,1,"한국의 암적인 존재 쿠팡.",9.0.3,8,"","Seo Jason"
2026-01-02,1,"개인정보 유출 반성하십시오.",9.0.4,10,"","윤동수"
2026-01-02,1,"최악이네요",7.0.9,5,"","용현중"
2026-01-02,1,"아쫌 광고 정말 악질이네 납치 정말 선을 넘네 저질임",9.0.3,6,"","김동은"
2026-01-02,1,"개인정보 유출 반성하세요.",9.0.4,8,"","고복화"
2026-01-02,1,"양심적으로 장사하세요",9.0.3,4,"","임보라"
2026-01-02,1,"미국 회사라서 그런가 대한민국 사용자 개인정보 유출에 대해 미온하게 대응하시는 모습이 보기 좋습니다. 성업하시길~",8.4.7,6,"","Muk Ly"
2026-01-02,1,"줫팡 내 개인정보어쩔꺼냐",9.0.3,7,"","볼빨간고"
2026-01-02,1,"인터넷 광고창에 손가락 스치기만 해도 앱으로 납치하는거 좀 그만둬라. 장사 할 줄 모르는 가게가 홍보는 지저분하게하지.",9.0.1,4,"","남택근"
2026-01-02,1,"쓰레기 기업 입니다 절때 이용 하지마 세요",7.0.4,6,"","최은준"
2026-01-02,5,"좋습니다. 정보유출은 쿠팡의 책임이라기보다 악의적 스파이에 의한 것이죠. 쿠팡 힘내세요. 쿠팡을 지킵니다♡",9.0.4,10,"","제이"
2026-01-02,1,"탈팡합니다 바이",9.0.3,6,"","강백호"
2026-01-02,1,"웹서핑중 광고만보이면 납치하듯 쿠팡으로 연결되서 더 욕나오는 쿠팡이다 하루에도 인터넷보다가 10번이상 납치되다보면 분노에 몸서리친다 뒤로가기 하는 내인생의 시간을 어떻게 할것인가 미국자본에 이번 개인정보유출로 대표가 철저하게 한국국민을 무시하는걸 보며 실망스러웠다 대체 한국기업이 생겨나길 바라본다",9.0.4,7,"","K See"
2026-01-02,5,"든든할 정도로 믿음이 가고, 좋은 서비스입니다! 쿠팡 화이팅~!",9.0.3,9,"","닭갈비"
2026-01-02,1,"광고 뭐같은거 그만 띄우셈",9.0.3,6,"","빡유"
2026-01-02,1,"고객에게 미안하면 현찰로 보상액 내놔 헛짓거리 하지말고",9.0.3,5,"","한해성"
2026-01-02,1,"제대로 된 해명도 없고 변명만 잔뜩.... 정떨어지네요",9.0.3,5,"","병맛에이드KDH"
2026-01-02,1,"사용자 기만 회사",7.4.6,5,"","신대섭"
2026-01-02,1,"똥똥똥",9.0.3,4,"","LamMa"
2026-01-02,1,"조폭업체",9.0.3,4,"","성이름"
2026-01-02,1,"정보보안도 안되는 쓰레기",7.5.0,7,"","Hong-mo Koo"
2026-01-02,5,"급하게 필요할때 빠르게 받을수있어 좋아요",9.0.3,6,"","윤경희"
2026-01-02,4,"새벽배송 받을지를 선택할 수 있는 기능이 있으면 좋겠어요. 굳이 새벽에 받지 않아도 되는 경우들이 있어요. 근데 소비자에게 선택할 기회를 주지 않고 일방적으로 새벽에 도착한다고 통보하는건 불쾌해요. 새벽에 도착할거라는 일방적인 방식과 통보가 싫습니다. 새벽에 받아도 새벽에 받았다고 나무라거나 구매 취소하진 않지만 은근히 스트레스 감입니다. 작은 문제도 쌓이면 안 좋은 것 같아서 말씀드렸습니다.",,4,"","하늘구름"
2026-01-02,1,"주문 후 5분도 안되어서 주문취소했는데 반품비 배송비로 6000원 가까이 가져가는게 말이 됩니까?",9.0.3,6,"","1017 한채원"
2026-01-02,5,"쿠팡톡도 나오면 좋겠다 c톡 그만 쓰고 싶어",9.0.3,4,"","박민우"
2026-01-02,1,"개인정보 유출사고까지는 참겠는데 다른 어플이나 인터넷 사용할 때 광고 떠서 닫기 버튼 눌렀는데 쿠팡 어플 켜지는건 도저히 못참겠네요. 어플 삭제하고 탈팡합니다.",9.0.1,6,"","Junsu Lee"
2026-01-02,1,"대규모 개인정보 유출 사건을 대하는 경영진의 태도에 분노하여 좀전에 탈팡했습니다.",,7,"","김기돈"
2026-01-02,4,"삭제했다가 국개위one들 질문수준 꼬라지하는 보고 다시 재설치함",9.0.3,3,"","아몬드브리즈"
2026-01-02,1,"와우 가입안하면 소액결제가 안됌.",,2,"","설이"
2026-01-02,1,"탈팡이 답이다",9.0.1,5,"","Teley Ahn"
2026-01-02,1,"쿠팡 주인님의 노예 하겠다는 사람이 많네",9.0.0,5,"","모뉴아"
2026-01-02,1,"별 1개도 아깝네요. 0개는 왜 없나요. 이제 제 인생에서 쿠팡이란 단어는 없습니다.",9.0.3,6,"","HT W"
2026-01-02,1,"사용자의 정보를 보호하지 않음 절대 사용하지 마셈",,7,"","suggu"
2026-01-02,1,"정보유출 뭐하노 이기야",,3,"","크로플"
2026-01-01,1,"광고 드럽게 하네",9.0.3,3,"","최정인"
2026-01-01,3,"전부좋은데요~직원하나때문에 이게뭐하는 짓입니까~? ㅡㅡ 쿠폰은언제 지급되나요",9.0.3,5,"","최최원석"
2026-01-01,1,"어휴",9.0.3,3,"","휘야수야"
2026-01-01,2,"'최근 찾던 상품'목록 연관상품 만들어놓고 '최근 찾은상품' 목록은 어디갔나요?????????????????????????",9.0.3,1,"","Ji Han"
2026-01-01,1,"범죄기업",,6,"","유인형"
2026-01-01,1,"유출 후 대처가 매우실망 스럽네요",9.0.3,7,"","soo (삐딱한피디)"
2026-01-01,1,"와이프가 쓰는데 탈쿠팡하려고 다운받습니다",,5,"","류수현"
2026-01-01,1,"대처가 별 하나도 아깝다.",9.0.3,7,"","엄보람"
2026-01-01,1,"이거쓸바에 다른어플씀",8.4.5,6,"","조윤성"
2026-01-01,5,"쿠팡최고!!!!",8.9.8,4,"","DABIN LEE"
2026-01-01,1,"꺼져라 쿠팡",,8,"","asap !"
2026-01-01,1,"게으른 학부모 전용앱 애 준비물 로켓배송시키는게 자랑이냐? 문방구도 없는 동네에 사는게 자랑인줄",8.1.8,4,"","J R"
2026-01-01,1,"별로입니다. 화나요",9.0.3,12,"","박이슬"
2026-01-01,1,"쿠팡 뉴스 보고 없던 정도 다 털려서 나가려고 봤더니 아 이미 로그인 안되있었음 ㅎㅎ",7.5.7,2,"","스키즈만세"
2026-01-01,5,"테무:낚시로 더 사게 만들려고 싸게 판매중 쿠팡:제대로 구매해서 제대로 하는 배송앱",9.0.3,5,"","조아성"
2026-01-01,5,"편하고 좋아요",9.0.3,4,"","m k"
2026-01-01,1,"파손주의 적힌 유리병소스 소량 박스도 바닥에 패대기치고 가는데 개선 언제쯤 하시나요? 집밖에서 쿵! 소리에 사진찍는 소리면 쿠팡왔겠구나 싶어요. 유리파편과 소스가 섞여 반죽이 될 만큼 다 박살 내놓고 새어나온 소스 복도청소... 음쓰분리 처리는 소비자몫이고 다시 받으려면 내용물 흘러나오고있는 채로 밖에 두고 반품해야된다네요. 쿠팡이 복도청소해주나요(ㅋㅋㅋㅋ..). 환불은 잘해주지만 청소할 거리 안만들면 스트레스도 없었잖아요. 싼값하는 ㅌㅁ랑 배송서비스 크게 달라보이진 않음. 배달기사님 급여가 많이 낮은듯한데 많이 올려주시던가 왜 매출은 매년 오르면서 내부 시스템 개선은 하나도 안하나요? 배송박살 꾸준히 문제인데.? 그리고 이번 개인정보 유출에 대해서 걱정과 불안으로 개별적인 사정과 문의를 드렸는데 문맥도 주제도 맞지않는 매크로답변밖에 못받아봤네요. 진지하게 답변하실것도 아니고 이럴거면 메일문의처 왜 열어두셨어요? 매출 좋으면서 고객센터에 인력 더 배치하거나 해결에 힘을 안쓰세요..?",8.9.9,7,"","이남"
2026-01-01,1,"안쓴다...",8.9.6,4,"","몽당연필"
2026-01-01,5,"쿠팡 응원합니다 로저스 홧팅",9.0.3,3,"","김동민"
2026-01-01,1,"경영마인드 최악",8.2.7,5,"","한혜영"
2026-01-01,1,"개인정보유출 및 CEO들 태도 보니까 믿음안가서 안씀. 광고계속 뜨는것도 싫었는데 덕분에 취소함.",,7,"","Soul Yim"
2026-01-01,5,"쿠팡 응원합니다!!!",9.0.3,2,"","Richard KIM"
2026-01-01,5,"응원합니다",9.0.3,2,"","강빡"
2026-01-01,5,"정말편해요",9.0.3,3,"","이경원"
2026-01-01,3,"당근 좋졍!!ㅋㅋㅋㅋㅋ여기서 얼마나 많은 제품을 구매했능데!!국룰앱 아닌가여?ㅋㅋ",9.0.3,1,"","김집사"
2026-01-01,5,"쿠팡을 지지하고 응원합니다. 포기하지마세요",9.0.3,3,"","J Kim"
2026-01-01,1,"개인정보 유출.",9.0.2,8,"","김영희"
2026-01-01,1,"개인정보도 팔아버리는 돈의 망령들",9.0.3,5,"","도LARGE"
2026-01-01,1,"쿠팡 물건 알리,테무에 최소1/5가격 으로 팜ㅋㅋㅋ",9.0.3,4,"","남자LBL"
2026-01-01,1,"쿠팡 이젠 안씀 회원탈퇴 갈김",9.0.3,5,"","전호준"
2026-01-01,1,"쿠팡 에서 개인정보가 유출 되어 탈퇴 하였으나 그어떤것도 책임지는 행동을 하지 않았고 이에 맞서 배상도 없구 그래서 그에 대한 책임은 정부 에서 벌을 내릴것 입니다 그러니 많은 반성 하시고 쿠팡이 망 하길 빕니다^^ 1점 주기도 아깝네요 ㅎㅎ",9.0.0,8,"","우즈마키나루토"
2026-01-01,1,"탈팡성공",7.9.0,7,"","링키"
2025-12-31,1,"삭제합니다~~~~~ ㅋ",,9,"","박경석"
2025-12-31,1,"판매자들을 쥐어짜서 성장한 쿠팡이 어떻게 되는지 지켜보겠다.",8.9.7,12,"","Happy Virus (해피바이러스)"
2025-12-31,1,"유료사용자도 앱실행하면 쿠팡이츠 광고가 먼저 떠서 짜증나는 쇼핑앱",7.4.3,7,"","Jay You"
2025-12-31,1,"나쁜사람들",9.0.3,5,"","송대종"
2025-12-31,1,"꺼져",9.0.2,6,"","이현범"
2025-12-31,1,"ㅋㅋㅋㅋㅋ아~ 할많하않",9.0.3,5,"","마키"
2025-12-31,3,"왜 갑자기 리뷰가 먼저보이는거임...상품설명부터 좀 ...",9.0.3,3,"","K O"
2025-12-31,1,"문제 1. 중고 제품 명시 안 해놓고 보냄 문제 2. 기업 태도가 처맞으려고 작정을 함",9.0.3,8,"","ᄋᄋᄋ"
2025-12-31,1,"이제 사과해도 필요없다 하지도마 짜증나니까 배송 하루이틀 늦는거? 뭐 문제라고 ^^ 그냥 한국에서 나가주길~",7.5.8,7,"","얌얌"
2025-12-31,5,"편리하고 빠른배송",9.0.3,6,"","이지현"
2025-12-31,1,"탈퇴합니다",9.0.3,6,"","JD Noh"
2025-12-31,1,"유출됐어도 그냥 쓰긴했지만 구매이용권같은 말장난용 할인쿠폰 뿌리면서 전례없는 보상이니 뭐니 하는건 역겹네요.",9.0.3,8,"","JS K"
2025-12-31,1,"실망입니다",8.9.9,8,"","냥이키우고파"
2025-12-31,1,"탈팡",,4,"","NOAH PARK"
2025-12-31,1,"위에 데이터 보안 써있는데 개인정보 관리 하기는 하는건지? 일하는 사람 죽어나가도 모르는척, 개인정보 다 털려도 어쩔건데 하는 태도, 온갖 나쁜짓으로 돈 버는데에만 혈안이 된 기업. 탈팡했으니 다신 만나지 않기를!!",,1,"","Jeju life Jaymi's"
2025-12-31,5,"편하다!",9.0.3,3,"","ᄏᄏᄏ"
2025-12-31,5,"쿠팡 망해도 ㅇㄹ, ㅌㅁ는 절대 안씀 ㅅㄱㅇ",9.0.3,5,"","김유민"
2025-12-31,1,"최악의 사업자 마인드",,4,"","Ji Kim"
2025-12-31,1,"와우 멤버십 남은 기간 때문에 쿠팡 탈퇴가 안됨. 소비자가 필요 없으니 탈퇴하겠다는데 왜 막아 놓은거임.",8.3.1,6,"","J1"
2025-12-31,1,"쓰레기기업 대대손손 돌려받으세요",9.0.3,5,"","히히냠냠"
2025-12-31,5,"쿠팡 응원합니다",9.0.3,5,"","ᅵᅵᅵᅵ"
2025-12-31,5,"힘내세요",9.0.3,5,"","이복돌"
2025-12-31,1,"대처가 아쉽네요",9.0.3,2,"","배승원"
2025-12-31,5,"그지근성 새끼들 ㅋㅋㅋ 쿠팡파이팅",9.0.3,5,"","NOT IM"
2025-12-31,1,"이야 대단하다",7.4.7,0,"","푸망늑"
2025-12-31,1,"내 개인정보가 5만원이냐 그리고 쓰지도 않는 쿠폰 주는거는 사람들 기만 하는거임?",9.0.3,8,"","이예준"
2025-12-31,1,"개인정보유출하고 부도덕한 기업",9.0.3,5,"","박영일"
2025-12-31,1,"계정 탈퇴 후 지웠음. 다신 사용안함",,5,"","솜솜"
2025-12-31,1,"악덕기업 사라져라",9.0.3,3,"","Du Kyung Kong"
2025-12-31,1,"탈퇴할게요~~",9.0.3,3,"","Jean Yoo"
2025-12-31,1,"탈팡.",7.8.4,3,"","sseong yun"
2025-12-31,1,"쿠팡 등록하고 탈퇴후 90일간 가입 불가능 한달? 두달? 다시 설치하고 가입해서 티비보니 개인정보 유출사고 놀라서 열받아서 앱삭제 탈퇴하러간다. 2만원 쿠폰받으면 핸드폰인증 하고 제발 없애 버려라 쿠팡 쓰지말라 돈은 한국에서 버는데 국적은 미국 제품은 중국임 사기 불법이다. 그지같은 별 한개도 아깝다",9.0.3,6,"","Lee L"
2025-12-31,5,"난 솔직히 잘 쓰고있음. 그리고 최신순으로 봤을때 별점 거의다 1점씩 주던데 그럼에도 사태 발생전이랑 그닥 차이 없는거 보면 웃음 밖에 안나오네 ㅋㅋ.. 쿠팡 파이팅해라",9.0.3,7,"","내버미•"
2025-12-31,1,"최악",,4,"","Ay Cho"
2025-12-31,1,"쓰래기 회사",8.8.4,3,"","황서준"
2025-12-31,1,"죄다 물건이 부숴지거나 하자있는것만 오네 중국업체랑 다를게 뭐야",,2,"","다래"
2025-12-31,1,"너넨 나가라",9.0.3,4,"","이동원"
2025-12-31,1,"그러고 살지 마라",9.0.3,4,"","이연경"
2025-12-31,1,"안써",,4,"","긋냥긋냥"
2025-12-31,1,"지금까지 잘쓰고갑니다",8.4.0,0,"","유영현"
2025-12-31,5,"쿠팡 없으면 못살아 정말 못살아",9.0.3,4,"","김희진"
2025-12-31,1,"네이버 구독하면서 괜히 쿠팡 유지하고있었네...돈아까움. 네이버 더 커져서 쿠팡 눌러줘라",9.0.3,6,"","kim자몽"
2025-12-31,1,"탈팡인증",,5,"","김주성"
2025-12-31,1,"나는 왜 쿠폰도 안주냐",9.0.3,3,"","Han Solo (zenory)"